-- ===================================================== --
-- REDO PART                                             --
-- ===================================================== --
delete from EB_ALGORITHM;
delete from EB_GAME_INSTANCE;
delete from EB_GAME_RESULTS;
delete from EB_FUN_TYPE;
delete from EB_OPERATION_PARAMETERS;
delete from EB_TE_ENTRY;
delete from EB_TE_TICKET;
delete from EB_WINNING;
delete from EB_WINNING_STATISTICS;
delete from EB_BALLS_INFO;
delete from EB_BALL_ATTR;
delete from BD_COMMON_TYPE where TYPE_NAME like 'EB-%';
delete from BD_COMMON_TYPE_LANGUAG where LANGUAGE_NAME like 'EB-%';
delete from GAME_TYPE where game_type_id=13;
delete from GAME where game_id='GAME-EB';
delete from GAME_MERCHANT where id like 'GM-EB-%';
delete from MERCHANT_GAME_PROPERTIES where MRID like 'MG-EB-%';
delete from TE_TRANSACTION where ID like 'TRANS-EB-%';
delete from PAYOUT where ID like 'EB-%';

-- ===================================================== --
-- BASEDATA PART                                         --
-- ===================================================== --

insert into GAME_TYPE(GAME_TYPE_ID,TYPE_NAME) values(13, 'ExtraBall');
insert into GAME(
	GAME_ID,GAME_TYPE_ID,FUNDAMENTAL_TYPE_ID,OPERATION_PARAMETERS_ID, STATUS, EB_BALLS_INFO_ID,
	TAX_CALCULATION_METHOD, WINNER_TAX_POLICY_ID,GAME_NAME 
) values(
	'GAME-EB', 13, '1', 'OP-EB', 1, 'BI-1',1,'TP-1','ExtraBall'
);

insert into GAME_MERCHANT(
	ID, MERCHANT_ID, GAME_ID, COMMISSION_RATE_SALES, COMMISSION_RATE_PAYOUT
) values(
	'GM-EB-1', 111, 'GAME-EB', 0.1, 0.1
);
insert into GAME_MERCHANT(
	ID, MERCHANT_ID, GAME_ID, COMMISSION_RATE_SALES, COMMISSION_RATE_PAYOUT
) values(
	'GM-EB-2', 222, 'GAME-EB', 0.1, 0.1
);

insert into MERCHANT_GAME_PROPERTIES(
	MRID, GAME_ID, MERCHANT_ID, OPERATOR_ID, COMMISSION_RATE, COMMISSION_RATE_PAYOUT
) values(
	'MG-EB-1', 'GAME-EB', 111, 'OPERATOR-111', 0.1, 0.1
);	

insert into EB_OPERATION_PARAMETERS(
	ID,INTERVAL, MIN_AMOUNT,MAX_AMOUNT,MIN_MULTI_DRAW,MAX_MULTI_DRAW, PAYOUT_MODEL,ALLOW_CANCELLATION,
	BANKER, MULTIPLE
) values(
	'OP-EB', 100.0, 100.0, 10000.0,1,10,1,1,1,1
);

insert into EB_ALGORITHM(ID, ALGORITHM_TYPE, ALGORITHM_NAME) values('1', 1, 'NUMBER');
insert into EB_ALGORITHM(ID, ALGORITHM_TYPE, ALGORITHM_NAME) values('2', 2, 'RANGE');    
insert into EB_ALGORITHM(ID, ALGORITHM_TYPE, ALGORITHM_NAME) values('3', 3, 'COLOR');

insert into EB_FUN_TYPE(ID, KKK, NNN) values('1', 1, 36);
insert into EB_BALLS_INFO(ID) values('BI-1');

insert into BD_COMMON_TYPE(ID, TYPE_CODE, TYPE_NAME, IS_ENABLE) values(1, 'RED','EB-RED', 1);
insert into BD_COMMON_TYPE(ID, TYPE_CODE, TYPE_NAME, IS_ENABLE) values(2, 'YELLOW','EB-yellow', 1);
insert into BD_COMMON_TYPE(ID, TYPE_CODE, TYPE_NAME, IS_ENABLE) values(3, 'GREEN','EB-green', 1);
insert into BD_COMMON_TYPE(ID, TYPE_CODE, TYPE_NAME, IS_ENABLE) values(101, 'SMALL','EB-small balls', 1);
insert into BD_COMMON_TYPE(ID, TYPE_CODE, TYPE_NAME, IS_ENABLE) values(102, 'MEDIUM','EB-medium balls', 1);
insert into BD_COMMON_TYPE(ID, TYPE_CODE, TYPE_NAME, IS_ENABLE) values(103, 'LARGE','EB-large balls', 1);

insert into BD_COMMON_TYPE_LANGUAG(ID, BD_COMMON_TYPE_ID, LANGUAGE_ID, LANGUAGE_NAME) values(1, 1, 'LANGUAGE-111', 'EB-RED-1');
insert into BD_COMMON_TYPE_LANGUAG(ID, BD_COMMON_TYPE_ID, LANGUAGE_ID, LANGUAGE_NAME) values(2, 1, 'LANGUAGE-112', 'EB-RED-2');
insert into BD_COMMON_TYPE_LANGUAG(ID, BD_COMMON_TYPE_ID, LANGUAGE_ID, LANGUAGE_NAME) values(3, 2, 'LANGUAGE-111', 'EB-YELLOW-1');
insert into BD_COMMON_TYPE_LANGUAG(ID, BD_COMMON_TYPE_ID, LANGUAGE_ID, LANGUAGE_NAME) values(4, 2, 'LANGUAGE-112', 'EB-YELLOW-2');
insert into BD_COMMON_TYPE_LANGUAG(ID, BD_COMMON_TYPE_ID, LANGUAGE_ID, LANGUAGE_NAME) values(5, 3, 'LANGUAGE-111', 'EB-GREEN-1');
insert into BD_COMMON_TYPE_LANGUAG(ID, BD_COMMON_TYPE_ID, LANGUAGE_ID, LANGUAGE_NAME) values(6, 3, 'LANGUAGE-112', 'EB-GREEN-2');
insert into BD_COMMON_TYPE_LANGUAG(ID, BD_COMMON_TYPE_ID, LANGUAGE_ID, LANGUAGE_NAME) values(7, 101, 'LANGUAGE-111', 'EB-SMALL-1');
insert into BD_COMMON_TYPE_LANGUAG(ID, BD_COMMON_TYPE_ID, LANGUAGE_ID, LANGUAGE_NAME) values(8, 101, 'LANGUAGE-112', 'EB-SMALL-2');
insert into BD_COMMON_TYPE_LANGUAG(ID, BD_COMMON_TYPE_ID, LANGUAGE_ID, LANGUAGE_NAME) values(9, 102, 'LANGUAGE-111', 'EB-MEDIUM-1');
insert into BD_COMMON_TYPE_LANGUAG(ID, BD_COMMON_TYPE_ID, LANGUAGE_ID, LANGUAGE_NAME) values(10, 102, 'LANGUAGE-112', 'EB-MEDIUM-2');
insert into BD_COMMON_TYPE_LANGUAG(ID, BD_COMMON_TYPE_ID, LANGUAGE_ID, LANGUAGE_NAME) values(11, 103, 'LANGUAGE-111', 'EB-LARGE-1');
insert into BD_COMMON_TYPE_LANGUAG(ID, BD_COMMON_TYPE_ID, LANGUAGE_ID, LANGUAGE_NAME) values(12, 103, 'LANGUAGE-112', 'EB-LARGE-2');    

insert into EB_BALL_ATTR(ID, EB_BALLS_INFO_ID, BALL_NUM, COLOR_ATTR,SIZE_ATTR) values('1', 'BI-1','1',1,101);
insert into EB_BALL_ATTR(ID, EB_BALLS_INFO_ID, BALL_NUM, COLOR_ATTR,SIZE_ATTR) values('2', 'BI-1','2',1,101);
insert into EB_BALL_ATTR(ID, EB_BALLS_INFO_ID, BALL_NUM, COLOR_ATTR,SIZE_ATTR) values('3', 'BI-1','3',1,101);
insert into EB_BALL_ATTR(ID, EB_BALLS_INFO_ID, BALL_NUM, COLOR_ATTR,SIZE_ATTR) values('4', 'BI-1','4',1,101);
insert into EB_BALL_ATTR(ID, EB_BALLS_INFO_ID, BALL_NUM, COLOR_ATTR,SIZE_ATTR) values('5', 'BI-1','5',1,101);
insert into EB_BALL_ATTR(ID, EB_BALLS_INFO_ID, BALL_NUM, COLOR_ATTR,SIZE_ATTR) values('6', 'BI-1','6',1,101);
insert into EB_BALL_ATTR(ID, EB_BALLS_INFO_ID, BALL_NUM, COLOR_ATTR,SIZE_ATTR) values('7', 'BI-1','7',1,101);
insert into EB_BALL_ATTR(ID, EB_BALLS_INFO_ID, BALL_NUM, COLOR_ATTR,SIZE_ATTR) values('8', 'BI-1','8',1,101);
insert into EB_BALL_ATTR(ID, EB_BALLS_INFO_ID, BALL_NUM, COLOR_ATTR,SIZE_ATTR) values('9', 'BI-1','9',2,102);
insert into EB_BALL_ATTR(ID, EB_BALLS_INFO_ID, BALL_NUM, COLOR_ATTR,SIZE_ATTR) values('10', 'BI-1','10',2,102);
insert into EB_BALL_ATTR(ID, EB_BALLS_INFO_ID, BALL_NUM, COLOR_ATTR,SIZE_ATTR) values('11', 'BI-1','11',2,102);
insert into EB_BALL_ATTR(ID, EB_BALLS_INFO_ID, BALL_NUM, COLOR_ATTR,SIZE_ATTR) values('12', 'BI-1','12',2,102);
insert into EB_BALL_ATTR(ID, EB_BALLS_INFO_ID, BALL_NUM, COLOR_ATTR,SIZE_ATTR) values('13', 'BI-1','13',2,102);
insert into EB_BALL_ATTR(ID, EB_BALLS_INFO_ID, BALL_NUM, COLOR_ATTR,SIZE_ATTR) values('14', 'BI-1','14',2,102);
insert into EB_BALL_ATTR(ID, EB_BALLS_INFO_ID, BALL_NUM, COLOR_ATTR,SIZE_ATTR) values('15', 'BI-1','15',2,102);
insert into EB_BALL_ATTR(ID, EB_BALLS_INFO_ID, BALL_NUM, COLOR_ATTR,SIZE_ATTR) values('16', 'BI-1','16',2,102);
insert into EB_BALL_ATTR(ID, EB_BALLS_INFO_ID, BALL_NUM, COLOR_ATTR,SIZE_ATTR) values('17', 'BI-1','17',3,103);
insert into EB_BALL_ATTR(ID, EB_BALLS_INFO_ID, BALL_NUM, COLOR_ATTR,SIZE_ATTR) values('18', 'BI-1','18',3,103);
insert into EB_BALL_ATTR(ID, EB_BALLS_INFO_ID, BALL_NUM, COLOR_ATTR,SIZE_ATTR) values('19', 'BI-1','19',3,103);
insert into EB_BALL_ATTR(ID, EB_BALLS_INFO_ID, BALL_NUM, COLOR_ATTR,SIZE_ATTR) values('20', 'BI-1','20',3,103);
insert into EB_BALL_ATTR(ID, EB_BALLS_INFO_ID, BALL_NUM, COLOR_ATTR,SIZE_ATTR) values('21', 'BI-1','21',3,103);
insert into EB_BALL_ATTR(ID, EB_BALLS_INFO_ID, BALL_NUM, COLOR_ATTR,SIZE_ATTR) values('22', 'BI-1','22',3,103);
insert into EB_BALL_ATTR(ID, EB_BALLS_INFO_ID, BALL_NUM, COLOR_ATTR,SIZE_ATTR) values('23', 'BI-1','23',3,103);
insert into EB_BALL_ATTR(ID, EB_BALLS_INFO_ID, BALL_NUM, COLOR_ATTR,SIZE_ATTR) values('24', 'BI-1','24',3,103);

-- ===================================================== --
-- GAME INSTANCE                                         --
-- ===================================================== --
-- sysdate+1  add one day
-- sysdate+1/24 add one hour
-- sysdate+1/(24*60) add one minute
-- sysdate+1/(24*60*60) add one second

insert into EB_GAME_INSTANCE(
	ID, GAME_ID, GAME_INSTANCE_NAME, DRAW_NO, DRAW_DATE, START_SELLING_TIME, STOP_SELLING_TIME, 
	MAX_CLAIM_PERIOD, STATUS, VERSION, GAME_FREEZING_TIME,IS_SUSPEND_PAYOUT
) values(
	'GI-EB-0', 'GAME-EB', 'Test Draw-0', '20120708', sysdate-1,sysdate-2, sysdate-1,30,7,1,
	sysdate-1+30/(24*60),0
);
insert into EB_GAME_INSTANCE(
	ID, GAME_ID, GAME_INSTANCE_NAME, DRAW_NO, DRAW_DATE, START_SELLING_TIME, STOP_SELLING_TIME, 
	MAX_CLAIM_PERIOD, STATUS, VERSION, GAME_FREEZING_TIME,IS_SUSPEND_PAYOUT
) values(
	'GI-EB-1', 'GAME-EB', 'Test Draw-1', '20120709',sysdate+1,sysdate-1, sysdate+1,30,2,1,
	sysdate+1+30/(24*60),0
);
insert into EB_GAME_INSTANCE(
	ID, GAME_ID, GAME_INSTANCE_NAME, DRAW_NO, DRAW_DATE, START_SELLING_TIME, STOP_SELLING_TIME, 
	MAX_CLAIM_PERIOD, STATUS, VERSION, GAME_FREEZING_TIME,IS_SUSPEND_PAYOUT
) values(
	'GI-EB-2', 'GAME-EB', 'Test Draw-2', '20120710',sysdate+2,sysdate+1, sysdate+2,30,1,1,
	sysdate+2+30/(24*60),0
);
insert into EB_GAME_INSTANCE(
	ID, GAME_ID, GAME_INSTANCE_NAME, DRAW_NO, DRAW_DATE, START_SELLING_TIME, STOP_SELLING_TIME, 
	MAX_CLAIM_PERIOD, STATUS, VERSION, GAME_FREEZING_TIME,IS_SUSPEND_PAYOUT
) values(
	'GI-EB-3', 'GAME-EB', 'Test Draw-3', '20120711',sysdate+3,sysdate+2, sysdate+3,30,1,1,
	sysdate+3+30/(24*60),0
);

insert into EB_GAME_RESULTS(ID,EB_GAME_INSTANCE_ID,RESULT_NO,VERSION) values('1', 'GI-EB-0', '22',1);

-- ===================================================== --
-- TRANSACTION                                           --
-- ===================================================== --

insert into TE_TRANSACTION( 
    ID,OPERATOR_ID,GPE_ID,DEV_ID,MERCHANT_ID,CREATE_TIME,TYPE,TRANS_TIMESTAMP,RESPONSE_CODE,
    TICKET_SERIAL_NO,TRACE_MESSAGE_ID,BATCH_NO,SETTLEMENT_FLAG,GAME_ID,VERSION,TOTAL_AMOUNT
) values(
    'TRANS-EB-1','OPERATOR-111','GPE-111',111,111,sysdate,200,sysdate,200,
	'SN-EB-1','TMI-EB-1','20120730',0,'GAME-EB', 1, 4500.0
); 
insert into TE_TRANSACTION( 
    ID,OPERATOR_ID,GPE_ID,DEV_ID,MERCHANT_ID,CREATE_TIME,TYPE,TRANS_TIMESTAMP,RESPONSE_CODE,
    TICKET_SERIAL_NO,TRACE_MESSAGE_ID,BATCH_NO,SETTLEMENT_FLAG,GAME_ID,VERSION,TOTAL_AMOUNT
) values(
    'TRANS-EB-2','OPERATOR-111','GPE-111',111,111,sysdate-1+12/24,200,sysdate-1+12/24,200,
	'SN-EB-2','TMI-EB-2','20120730',0,'GAME-EB', 1, 4500.0
);
insert into TE_TRANSACTION( 
    ID,OPERATOR_ID,GPE_ID,DEV_ID,MERCHANT_ID,CREATE_TIME,TYPE,TRANS_TIMESTAMP,RESPONSE_CODE,
    TICKET_SERIAL_NO,TRACE_MESSAGE_ID,BATCH_NO,SETTLEMENT_FLAG,GAME_ID,VERSION,TOTAL_AMOUNT
) values(
    'TRANS-EB-3','OPERATOR-111','GPE-111',111,111,sysdate-1+12/24,201,sysdate-1+12/24,200,
	'SN-EB-3','TMI-EB-3','20120730',0,'GAME-EB', 1, 1000.0
);
insert into TE_TRANSACTION( 
    ID,OPERATOR_ID,GPE_ID,DEV_ID,MERCHANT_ID,CREATE_TIME,TYPE,TRANS_TIMESTAMP,RESPONSE_CODE,
    TICKET_SERIAL_NO,TRACE_MESSAGE_ID,BATCH_NO,SETTLEMENT_FLAG,GAME_ID,VERSION,TOTAL_AMOUNT
) values(
    'TRANS-EB-4','OPERATOR-111','GPE-111',111,111,sysdate-1+12/24,206,sysdate-1+12/24,333,
	'SN-EB-4','TMI-EB-4','20120730',0,'GAME-EB', 1, 500.0
);
insert into TE_TRANSACTION( 
    ID,OPERATOR_ID,GPE_ID,DEV_ID,MERCHANT_ID,CREATE_TIME,TYPE,TRANS_TIMESTAMP,RESPONSE_CODE,
    TICKET_SERIAL_NO,TRACE_MESSAGE_ID,BATCH_NO,SETTLEMENT_FLAG,GAME_ID,VERSION,TOTAL_AMOUNT
) values(
    'TRANS-EB-5','OPERATOR-111','GPE-111',111,111,sysdate-1+12/24,302,sysdate-1+12/24,200,
	'SN-EB-5','TMI-EB-5','20120730',0,'GAME-EB', 1, 10000.0
);
insert into TE_TRANSACTION( 
    ID,OPERATOR_ID,GPE_ID,DEV_ID,MERCHANT_ID,CREATE_TIME,TYPE,TRANS_TIMESTAMP,RESPONSE_CODE,
    TICKET_SERIAL_NO,TRACE_MESSAGE_ID,BATCH_NO,SETTLEMENT_FLAG,GAME_ID,VERSION,TOTAL_AMOUNT
) values(
    'TRANS-EB-6','OPERATOR-111','GPE-111',111,111,sysdate-1+12/24,200,sysdate-1+12/24,200,
	'SN-EB-5','TMI-EB-6','20120730',0,'GAME-EB', 1, 1500.0
);

-- ===================================================== --
-- TICKET                                                --
-- ===================================================== --
-- ticket in active game instance
insert into EB_TE_TICKET(
    ID,EB_GAME_INSTANCE_ID,TRANSACTION_ID,VERSION,CREATE_TIME,UPDATE_TIME,
    SERIAL_NO,TOTAL_AMOUNT,IS_WINNING,STATUS,IS_COUNT_IN_POOL,SETTLEMENT_FLAG,
	OPERATOR_ID,DEV_ID,MERCHANT_ID,TICKET_TYPE, BATCH_NO,MUTLI_DRAW,IS_BLOCK_PAYOUT
) values(
    '1','GI-EB-1','TRANS-EB-1',1,sysdate,sysdate,'SN-EB-1',1500.0,0,1,1,0,
	'OPERATOR-111',111,111,1,'20120730',3,0
); 
insert into EB_TE_TICKET(
    ID,EB_GAME_INSTANCE_ID,TRANSACTION_ID,VERSION,CREATE_TIME,UPDATE_TIME,
    SERIAL_NO,TOTAL_AMOUNT,IS_WINNING,STATUS,IS_COUNT_IN_POOL,SETTLEMENT_FLAG,
	OPERATOR_ID,DEV_ID,MERCHANT_ID,TICKET_TYPE, BATCH_NO,MUTLI_DRAW,IS_BLOCK_PAYOUT
) values(
    '2','GI-EB-2','TRANS-EB-1',1,sysdate,sysdate,'SN-EB-1',1500.0,0,1,1,0,
	'OPERATOR-111',111,111,1,'20120730',0,0
); 
insert into EB_TE_TICKET(
    ID,EB_GAME_INSTANCE_ID,TRANSACTION_ID,VERSION,CREATE_TIME,UPDATE_TIME,
    SERIAL_NO,TOTAL_AMOUNT,IS_WINNING,STATUS,IS_COUNT_IN_POOL,SETTLEMENT_FLAG,
	OPERATOR_ID,DEV_ID,MERCHANT_ID,TICKET_TYPE, BATCH_NO,MUTLI_DRAW,IS_BLOCK_PAYOUT
) values(
    '3','GI-EB-3','TRANS-EB-1',1,sysdate,sysdate,'SN-EB-1',1500.0,0,1,1,0,
	'OPERATOR-111',111,111,1,'20120730',0,0
); 
-- ticket in 'payout started' game instance.
insert into EB_TE_TICKET(
    ID,EB_GAME_INSTANCE_ID,TRANSACTION_ID,VERSION,CREATE_TIME,UPDATE_TIME,
    SERIAL_NO,TOTAL_AMOUNT,IS_WINNING,STATUS,IS_COUNT_IN_POOL,SETTLEMENT_FLAG,
	OPERATOR_ID,DEV_ID,MERCHANT_ID,TICKET_TYPE, BATCH_NO,MUTLI_DRAW,IS_BLOCK_PAYOUT
) values(
    '4','GI-EB-0','TRANS-EB-2',1,sysdate-1+12/24,sysdate-1+12/24,'SN-EB-2',1500.0,0,1,1,0,
	'OPERATOR-111',111,111,1,'20120730',3,0
); 
insert into EB_TE_TICKET(
    ID,EB_GAME_INSTANCE_ID,TRANSACTION_ID,VERSION,CREATE_TIME,UPDATE_TIME,
    SERIAL_NO,TOTAL_AMOUNT,IS_WINNING,STATUS,IS_COUNT_IN_POOL,SETTLEMENT_FLAG,
	OPERATOR_ID,DEV_ID,MERCHANT_ID,TICKET_TYPE, BATCH_NO,MUTLI_DRAW,IS_BLOCK_PAYOUT
) values(
    '5','GI-EB-1','TRANS-EB-2',1,sysdate-1+12/24,sysdate-1+12/24,'SN-EB-2',1500.0,0,1,1,0,
	'OPERATOR-111',111,111,1,'20120730',0,0
); 
insert into EB_TE_TICKET(
    ID,EB_GAME_INSTANCE_ID,TRANSACTION_ID,VERSION,CREATE_TIME,UPDATE_TIME,
    SERIAL_NO,TOTAL_AMOUNT,IS_WINNING,STATUS,IS_COUNT_IN_POOL,SETTLEMENT_FLAG,
	OPERATOR_ID,DEV_ID,MERCHANT_ID,TICKET_TYPE, BATCH_NO,MUTLI_DRAW,IS_BLOCK_PAYOUT
) values(
    '6','GI-EB-2','TRANS-EB-2',1,sysdate-1+12/24,sysdate-1+12/24,'SN-EB-2',1500.0,0,1,1,0,
	'OPERATOR-111',111,111,1,'20120730',0,0
); 
-- tickets for settlement test
-- canceled 
insert into EB_TE_TICKET(
    ID,EB_GAME_INSTANCE_ID,TRANSACTION_ID,VERSION,CREATE_TIME,UPDATE_TIME,
    SERIAL_NO,TOTAL_AMOUNT,IS_WINNING,STATUS,IS_COUNT_IN_POOL,SETTLEMENT_FLAG,
	OPERATOR_ID,DEV_ID,MERCHANT_ID,TICKET_TYPE, BATCH_NO,MUTLI_DRAW,IS_BLOCK_PAYOUT
) values(
    '7','GI-EB-2','TRANS-EB-3',1,sysdate-1+12/24,sysdate-1+12/24,'SN-EB-3',1000.0,0,2,1,0,
	'OPERATOR-111',111,111,1,'20120730',1,0
); 
-- cancel declined
insert into EB_TE_TICKET(
    ID,EB_GAME_INSTANCE_ID,TRANSACTION_ID,VERSION,CREATE_TIME,UPDATE_TIME,
    SERIAL_NO,TOTAL_AMOUNT,IS_WINNING,STATUS,IS_COUNT_IN_POOL,SETTLEMENT_FLAG,
	OPERATOR_ID,DEV_ID,MERCHANT_ID,TICKET_TYPE, BATCH_NO,MUTLI_DRAW,IS_BLOCK_PAYOUT
) values(
    '8','GI-EB-2','TRANS-EB-4',1,sysdate-1+12/24,sysdate-1+12/24,'SN-EB-4',500.0,0,4,1,0,
	'OPERATOR-111',111,111,1,'20120730',1,0
); 
-- paid
insert into EB_TE_TICKET(
    ID,EB_GAME_INSTANCE_ID,TRANSACTION_ID,VERSION,CREATE_TIME,UPDATE_TIME,
    SERIAL_NO,TOTAL_AMOUNT,IS_WINNING,STATUS,IS_COUNT_IN_POOL,SETTLEMENT_FLAG,
	OPERATOR_ID,DEV_ID,MERCHANT_ID,TICKET_TYPE, BATCH_NO,MUTLI_DRAW,IS_BLOCK_PAYOUT
) values(
    '9','GI-EB-1','TRANS-EB-6',1,sysdate-1,sysdate-1,'SN-EB-5',1500.0,0,5,1,0,
	'OPERATOR-111',111,111,1,'20120730',1,0
); 

insert into EB_TE_ENTRY(
    ID,VERSION,CREATE_TIME,ENTRY_NO,TICKET_SERIALNO,BET_OPTION,SELECTED_NUMBER,
	IS_QUIDPICK,TOTAL_BETS,ENTRY_AMOUNT
) values(
    '1',0,sysdate,1,'SN-EB-1',1,'22',0,1,500.0
);
insert into EB_TE_ENTRY(
    ID,VERSION,CREATE_TIME,ENTRY_NO,TICKET_SERIALNO,BET_OPTION,SELECTED_NUMBER,
	IS_QUIDPICK,TOTAL_BETS,ENTRY_AMOUNT
) values(
    '2',0,sysdate,2,'SN-EB-1',2,'RED',1,1,500.0
);
insert into EB_TE_ENTRY(
    ID,VERSION,CREATE_TIME,ENTRY_NO,TICKET_SERIALNO,BET_OPTION,SELECTED_NUMBER,
	IS_QUIDPICK,TOTAL_BETS,ENTRY_AMOUNT
) values(
    '3',0,sysdate,3,'SN-EB-1',3,'MEDIUM',1,1,500.0
);
insert into EB_TE_ENTRY(
    ID,VERSION,CREATE_TIME,ENTRY_NO,TICKET_SERIALNO,BET_OPTION,SELECTED_NUMBER,
	IS_QUIDPICK,TOTAL_BETS,ENTRY_AMOUNT
) values(
    '4',0,sysdate-1+12/24,1,'SN-EB-2',1,'22',0,1,500.0
);
insert into EB_TE_ENTRY(
    ID,VERSION,CREATE_TIME,ENTRY_NO,TICKET_SERIALNO,BET_OPTION,SELECTED_NUMBER,
	IS_QUIDPICK,TOTAL_BETS,ENTRY_AMOUNT
) values(
    '5',0,sysdate-1+12/24,2,'SN-EB-2',2,'RED',1,1,500.0
);
insert into EB_TE_ENTRY(
    ID,VERSION,CREATE_TIME,ENTRY_NO,TICKET_SERIALNO,BET_OPTION,SELECTED_NUMBER,
	IS_QUIDPICK,TOTAL_BETS,ENTRY_AMOUNT
) values(
    '6',0,sysdate-1+12/24,3,'SN-EB-2',3,'MEDIUM',1,1,500.0
);

-- ===================================================== --
-- PAYOUT                                                --
-- ===================================================== --
insert into PAYOUT(
    ID,VERSION,CREATE_TIME,UPDATE_TIME,GAME_INSTANCE_ID,TRANSACTION_ID,TICKET_SERIALNO,
    TOTAL_AMOUNT,TYPE,IS_VALID,STATUS,IS_BY_MANUAL,BATCH_NO,GAME_ID,TOTAL_AMOUNT_B4_TAX,
	OPERATOR_ID,MERCHANT_ID,DEV_ID,OBJECT_NUM
) values(
    'EB-1',1,sysdate-1,sysdate-1,'GI-EB-1','TRANS-EB-5','SN-EB-5',8000.0,1,1,1,0,
	'20120730','GAME-EB',10000.0,'OPERATOR-111',111,111,0
);

-- ===================================================== --
-- WINNING                                               --
-- ===================================================== --

insert into EB_WINNING(
	ID, VERSION, CREATE_TIME,TICKET_SERIALNO,EB_GAME_INSTANCE_ID,ENTRY_ID,PRIZE_LEVEL,
	PRIZE_AMOUNT,TAX_AMOUNT,ACTUAL_PAYOUT,IS_VALID
) values(
	'1',1,sysdate-1+2/24, 'SN-EB-2', 'GI-EB-0','1',1, 20000.0,4000.0,16000.0,1
);
insert into EB_WINNING(
	ID, VERSION, CREATE_TIME,TICKET_SERIALNO,EB_GAME_INSTANCE_ID,ENTRY_ID,PRIZE_LEVEL,
	PRIZE_AMOUNT,TAX_AMOUNT,ACTUAL_PAYOUT,IS_VALID
) values(
	'2',1,sysdate-1+2/24, 'SN-EB-2', 'GI-EB-0','1',1, 2500.0,0.0,2500.0,1
);
insert into EB_WINNING(
	ID, VERSION, CREATE_TIME,TICKET_SERIALNO,EB_GAME_INSTANCE_ID,ENTRY_ID,PRIZE_LEVEL,
	PRIZE_AMOUNT,TAX_AMOUNT,ACTUAL_PAYOUT,IS_VALID
) values(
	'3',2,sysdate-1+2/24, 'SN-EB-2', 'GI-EB-0','1',1, 10000.0,2000.0,8000.0,1
);

-- ===================================================== --
-- ENCRYPTION PART                                       --
-- ===================================================== --

update eb_te_ticket set serial_no='hv++dbRSgT0=' where serial_no='SN-EB-1';
update eb_te_entry set TICKET_SERIALNO='hv++dbRSgT0=' where TICKET_SERIALNO='SN-EB-1';
update payout set TICKET_SERIALNO='hv++dbRSgT0=' where TICKET_SERIALNO='SN-EB-1';
update te_transaction set TICKET_SERIAL_NO='hv++dbRSgT0=' where TICKET_SERIAL_NO='SN-EB-1';
update eb_winning set TICKET_SERIALNO='hv++dbRSgT0=' where TICKET_SERIALNO='SN-EB-1';

update eb_te_ticket set serial_no='PDEUXz4ZmLk=' where serial_no='SN-EB-2';
update eb_te_entry set TICKET_SERIALNO='PDEUXz4ZmLk=' where TICKET_SERIALNO='SN-EB-2';
update payout set TICKET_SERIALNO='PDEUXz4ZmLk=' where TICKET_SERIALNO='SN-EB-2';
update te_transaction set TICKET_SERIAL_NO='PDEUXz4ZmLk=' where TICKET_SERIAL_NO='SN-EB-2';
update eb_winning set TICKET_SERIALNO='PDEUXz4ZmLk=' where TICKET_SERIALNO='SN-EB-2';

update eb_te_ticket set serial_no='67aTfk0I0Fw=' where serial_no='SN-EB-3';
update eb_te_entry set TICKET_SERIALNO='67aTfk0I0Fw=' where TICKET_SERIALNO='SN-EB-3';
update payout set TICKET_SERIALNO='67aTfk0I0Fw=' where TICKET_SERIALNO='SN-EB-3';
update te_transaction set TICKET_SERIAL_NO='67aTfk0I0Fw=' where TICKET_SERIAL_NO='SN-EB-3';
update eb_winning set TICKET_SERIALNO='67aTfk0I0Fw=' where TICKET_SERIALNO='SN-EB-3';

update eb_te_ticket set serial_no='C509LXEgGTU=' where serial_no='SN-EB-4';
update eb_te_entry set TICKET_SERIALNO='C509LXEgGTU=' where TICKET_SERIALNO='SN-EB-4';
update payout set TICKET_SERIALNO='C509LXEgGTU=' where TICKET_SERIALNO='SN-EB-4';
update te_transaction set TICKET_SERIAL_NO='C509LXEgGTU=' where TICKET_SERIAL_NO='SN-EB-4';
update eb_winning set TICKET_SERIALNO='C509LXEgGTU=' where TICKET_SERIALNO='SN-EB-4';

update eb_te_ticket set serial_no='YEIuX8yMfcQ=' where serial_no='SN-EB-5';
update eb_te_entry set TICKET_SERIALNO='YEIuX8yMfcQ=' where TICKET_SERIALNO='SN-EB-5';
update payout set TICKET_SERIALNO='YEIuX8yMfcQ=' where TICKET_SERIALNO='SN-EB-5';
update te_transaction set TICKET_SERIAL_NO='YEIuX8yMfcQ=' where TICKET_SERIAL_NO='SN-EB-5';
update eb_winning set TICKET_SERIALNO='YEIuX8yMfcQ=' where TICKET_SERIALNO='SN-EB-5';

commit;