delete from GAME_TYPE where GAME_TYPE_ID=1000;
delete from GAME where GAME_TYPE_ID=1000;
delete from GAME_MERCHANT where ID like 'GM-AIRTIME-%';
delete from AIRTIME_PARAMETERS;
delete from MERCHANT_GAME_PROPERTIES where MRID like 'MG_AIRTIME_%';    
delete from TE_TRANSACTION where ID like 'TRANS_AIRTIME_%';
delete from AIRTIME_SELLING_RECORDS;

-- GAME_TYPE
insert into GAME_TYPE(GAME_TYPE_ID,TYPE_NAME) values(1000, 'AIRTIME');

-- GAME
insert into GAME(
    GAME_ID,GAME_TYPE_ID,FUNDAMENTAL_TYPE_ID,OPERATION_PARAMETERS_ID,WINNER_TAX_POLICY_ID,
    TAX_CALCULATION_METHOD,GAME_NAME,STATUS,TAX_CALCULATION_BASED
) values(
    'AIRTIME-1', 1000, null, 'AIRTIME-OP-1','TP-1',2,'AIRTIME-1',1,1
);
insert into GAME(
    GAME_ID,GAME_TYPE_ID,FUNDAMENTAL_TYPE_ID,OPERATION_PARAMETERS_ID,GAME_NAME,TAX_CALCULATION_METHOD,
    STATUS,WINNER_TAX_POLICY_ID,TAX_CALCULATION_BASED
) values(
    'AIRTIME-2', 1000, null, 'AIRTIME-OP-1','AIRTIME-2',1,1,'TP-1',1
);
insert into GAME(
    GAME_ID,GAME_TYPE_ID,FUNDAMENTAL_TYPE_ID,OPERATION_PARAMETERS_ID,GAME_NAME,TAX_CALCULATION_METHOD,
    STATUS,WINNER_TAX_POLICY_ID,TAX_CALCULATION_BASED
) values(
    'AIRTIME-SMART', 1000, null, 'AIRTIME-OP-SMART','AIRTIME-SMART',1,1,'TP-1',1
);

-- OPERATION_PARAMETERS
insert into AIRTIME_PARAMETERS(
    ID, MINIMUM_AMOUNT,MAXIMUM_AMOUNT,IS_SUPPORT_STEPPING, BET_AMOUNT_STEPPING, CREATE_TIME,UPDATE_TIME,TELCO_COMPANY_ID
) values(
    'AIRTIME-OP-1', 10.0,100.0, 1,25.0,sysdate,sysdate,1
);
insert into AIRTIME_PARAMETERS(
    ID, MINIMUM_AMOUNT,MAXIMUM_AMOUNT,IS_SUPPORT_STEPPING, BET_AMOUNT_STEPPING, CREATE_TIME,UPDATE_TIME,TELCO_COMPANY_ID
) values(
    'AIRTIME-OP-SMART', 0.0,100.0, 1,0.01,sysdate,sysdate,2
);


-- GAME_MERCHANT 
insert into GAME_MERCHANT(
    ID, MERCHANT_ID, GAME_ID, COMMISSION_RATE_SALES, COMMISSION_RATE_PAYOUT
) values(
    'GM-AIRTIME-111', 111, 'AIRTIME-1',0.1,0.0
);
insert into GAME_MERCHANT(
    ID, MERCHANT_ID, GAME_ID, COMMISSION_RATE_SALES, COMMISSION_RATE_PAYOUT
) values(
    'GM-AIRTIME-113', 111, 'AIRTIME-2',0.1,0.0
);
insert into GAME_MERCHANT(
    ID, MERCHANT_ID, GAME_ID, COMMISSION_RATE_SALES, COMMISSION_RATE_PAYOUT
) values(
    'GM-AIRTIME-114', 222, 'AIRTIME-1',0.15,0.0
);
insert into GAME_MERCHANT(
    ID, MERCHANT_ID, GAME_ID, COMMISSION_RATE_SALES, COMMISSION_RATE_PAYOUT
) values(
    'GM-AIRTIME-116', 222, 'AIRTIME-2',0.15,0.0
);
insert into GAME_MERCHANT(
    ID, MERCHANT_ID, GAME_ID, COMMISSION_RATE_SALES, COMMISSION_RATE_PAYOUT
) values(
    'GM-AIRTIME-117', 112, 'AIRTIME-2',0.1,0.0
);
insert into GAME_MERCHANT(
    ID, MERCHANT_ID, GAME_ID, COMMISSION_RATE_SALES, COMMISSION_RATE_PAYOUT
) values(
    'GM-AIRTIME-SMART-1', 111, 'AIRTIME-SMART',0.1,0.0
);
insert into GAME_MERCHANT(
    ID, MERCHANT_ID, GAME_ID, COMMISSION_RATE_SALES, COMMISSION_RATE_PAYOUT
) values(
    'GM-AIRTIME-SMART-2', 222, 'AIRTIME-SMART',0.15,0.0
);

-- ============================================================== --
-- MERCHANT_GAME_PROPERTIES                                              --
-- ============================================================== -- 
insert into MERCHANT_GAME_PROPERTIES(
    MRID, MERCHANT_ID, GAME_ID,OPERATOR_ID, COMMISSION_RATE, COMMISSION_RATE_PAYOUT
) values(
    'MG-AIRTIME-111', 111, 'AIRTIME-1','OPERATOR-111',0.05,0.0
);
insert into MERCHANT_GAME_PROPERTIES(
    MRID, MERCHANT_ID, GAME_ID,OPERATOR_ID, COMMISSION_RATE, COMMISSION_RATE_PAYOUT
) values(
    'MG-AIRTIME-113', 111, 'AIRTIME-2','OPERATOR-111',0.05,0.0
);
insert into MERCHANT_GAME_PROPERTIES(
    MRID, MERCHANT_ID, GAME_ID,OPERATOR_ID, COMMISSION_RATE, COMMISSION_RATE_PAYOUT
) values(
    'MG-AIRTIME-114', 111, 'AIRTIME-SMART','OPERATOR-111',0.05,0.0
);

-- TE_TRANSACTION
insert into TE_TRANSACTION( 
    ID,OPERATOR_ID,GPE_ID,DEV_ID,MERCHANT_ID,CREATE_TIME,TYPE,TRANS_TIMESTAMP,RESPONSE_CODE,
    TICKET_SERIAL_NO,TRACE_MESSAGE_ID,BATCH_NO,GAME_ID,VERSION,TOTAL_AMOUNT,DESTINATION_OPEATOR,CANCEL_TE_TRANSACTION_ID,CANCEL_TRANSACTION_TYPE
) values(
    'TRANS-AIRTIME-1111','OPERATOR-111','GPE-111',111,111,sysdate,
    455,sysdate,200,null,'aritime_msg_1','20092009','AIRTIME-1',0,100.0,'OPERATOR-112',null,0
); 

-- AIRTIME_SELLING_RECORDS
insert into AIRTIME_SELLING_RECORDS (ID, SERIAL, TOPUP_AMOUNT, SELLING_FROM, GAME_ID, STATUS, DEV_ID, OPERATOR_ID, MERCHANT_ID, TE_TRANSACTION_ID, CREATE_TIME, UPDATE_TIME, TELCO_REF_ID, PHONE_NUMBER)
values ('AIR-111', '11111', 100, 1, 'AIRTIME-1', 1, 111, 'OPERATOR-111', 111, 'TRANS-AIRTIME-1111', sysdate, sysdate, null, '13128988419');


commit;
