-- DROP
delete from SYS_CONFIGURATION;
delete from PAYOUT_DETAIL;
delete from PAYOUT;
delete from INSTANTANEOUS_SALES;

delete from TE_SEQUENCE;
delete from NEWPRINT_TICKET;
delete from TE_TRANSACTION_MSG;
delete from TE_TRANSACTION;
delete from GAME_MERCHANT;
delete from GPE_KEY;
delete from GPE;

delete from OPERATOR_MERCHANT;
--delete from HMAC_KEY;
delete from DEVICE_PROPERTIES;
delete from DEVICES;
delete from DEVICE_TYPE;
delete from DEVICE_PHYSICAL_AVAILABILITY;
delete from MERCHANT;
delete from TELCO_MERCHANT;
delete from TELCO;

delete from DEPARTMENT;
delete from ROLE;
delete from LANGUAGES;
delete from OPERATOR;

--delete from TRANSACTION_RETRY_LOG;
delete from WINNER_TAX_THRESHOLDS;
delete from TAX_DATE_RANGE;
delete from GAME;
delete from WINNER_TAX_POLICY;
delete from GAME_TYPE;
delete from bd_prize_level;
delete from BD_PRIZE_LOGIC;
delete from BD_PRIZE_GROUP;
delete from PRIZE_LOGIC;
delete from bd_prize_level_item;
delete from BD_PRIZE_OBJECT;
delete from bd_prize_object_item;    
--delete from DW_TOPUP_MERCHANT_RELATION;
delete from DW_MERCHANT_TOPUP_LOG;
delete from BD_RISK_BETTING;
delete from BD_CHANNEL_SETTING_ITEM;
delete from SELECTED_NUMBER_STAT;
delete from OFFLINE_TICKETS;
delete from CARD_PAYOUT_HISTORY;
delete from BALANCE_TRANSACTIONS;
delete from DC_TRANSACTION_LOG;
delete from CASHOUT_PASS;

-- delete Quartz jobs
delete from qrtz_fired_triggers;
delete from qrtz_simple_triggers;
delete from qrtz_simprop_triggers;
delete from qrtz_cron_triggers;
delete from qrtz_blob_triggers;
delete from qrtz_triggers;
delete from qrtz_job_details;
delete from qrtz_calendars;
delete from qrtz_paused_trigger_grps;
delete from qrtz_locks;
delete from qrtz_scheduler_state;

delete from CARD_PAYOUT_HISTORY_ITEM;
delete from CARD_PAYOUT_HISTORY;


/* ---------------------------------------------------- */
/* RESET SEQUENCE                                       */
/* ---------------------------------------------------- */
DROP SEQUENCE "BALANCE_TRANSACTIONS_SEQ";
CREATE SEQUENCE  "BALANCE_TRANSACTIONS_SEQ"  MINVALUE 1 MAXVALUE 9999999999999999999999999999 INCREMENT BY 1 START WITH 1 CACHE 20 NOORDER  CYCLE ;

/* ---------------------------------------------------- */
/* SEQUENCE                                             */
/* ---------------------------------------------------- */
insert into TE_SEQUENCE(ID,SEQ_NAME,MINVALUE,MAXVALUE,INTERVAL,NEXTMIN,NEXTMAX,ISCYCLE) 
    values(1,'SEQ.SERIALNO',1,999999,5000,1,5000,1);
insert into TE_SEQUENCE(ID,SEQ_NAME,MINVALUE,MAXVALUE,INTERVAL,NEXTMIN,NEXTMAX,ISCYCLE) 
    values(2,'SEQ.GENERAL',1,9999999999,5000,1,5000,1);  
insert into TE_SEQUENCE(ID,SEQ_NAME,MINVALUE,MAXVALUE,INTERVAL,NEXTMIN,NEXTMAX,ISCYCLE) 
    values(3,'SEQ.REFNO',1,999999,5000,1,5000,1); 
    
-- GPE 
insert into GPE(id, version, create_time, update_time, ip_source, type)
    values('GPE-111', 1, sysdate, sysdate, '192.168.1.49', 1);
-- pre-defined working key for performance test 
insert into GPE_KEY(id,version,create_time, update_time,GPE_ID,DATA_KEY,MAC_KEY,CREATE_DATE)
    values('GPE-KEY-111',1, sysdate,sysdate,'GPE-111','W0JAMWQ1MGZkMjc2N2U2M2Y2LWVkYTIt',
    'P2Bbo6+bSSR9O2Qc89f3b4oHTyE1V2gF',to_char(sysdate,'YYYYMMDD'));

-- SYSCONFIGURATION
insert into SYS_CONFIGURATION(
    ID,MANUAL_SETTLEMENT_HANDLING,PERMISSIBLE_PERIOD,LICENCE_FILE_PATH,PIN_INPUT_MODE,
    PRIZE_AMOUNT_NECESSARY,IS_ENCRPT_SERIALNO,SERIALNO_PUBLIC_KEY_PATH,SERVER_TYPE,
	payout_increase_credit, RETAILER_TARGET_BETS, INCENTIVE_IS_ENABLE,CREDIT_LIMIT,
    MAX_ALLOW_CANCEL_TICKET,MAX_DAYS_ACTIVE_RPT_ENQ,APP_KEY,IS_DISPLAY_VALIDATION_CODE,
    MAXIUM_TIMES_OF_CASHOUT_PASS,MAX_EXPIRE_TIME_CASHOUT_PASS,SUPPORT_CIMMISSION_CALCULATION
) values(
    'SC-1', 0, to_date('2009-03-20 21:00:00','YYYY-MM-DD HH24:MI:SS'),
    'e:/tmp/GLC_license_trial.key',0,1,1,'C:/temp/SERIALKEY/RSA_public.key', 
	1, 1, 20, 1,1,10,10,'W0JAMWQ1MGZkMjc2N2U2M2Y2LWVkYTIt',1,5,100,1
);

insert into TELCO(ID, TNAME,CODE) values('T-1','CHINA MOBILE', 'CM');

-- MERCHANT
insert into MERCHANT(
    MERCHANT_ID,CREDIT_LIMIT_VALUE,SALE_BALANCE,SIM_CHARGE_FEE,LOYALTY_MODE_VALUE,
    LOYALTY_RATE_VALUE,LOYALTY_RATE_PERCENTAGE,IS_LEAF,STATUS,MERCHANTS,
    PARENT_ID,MERCHANT_NAME,MERCHANT_CODE,MAX_MULTIPLE, RETAILER_TARGET_BETS,LIMIT_TYPE,
    PAYOUT_BALANCE,IS_DISTRIBUTE,TAX_ID,MAX_OFFLINE_TICKETS,COMMISION_BALANCE,CASHOUT_BALANCE,
    TOPUP_RATE,CASHOUT_RATE
) values(
    111,200000000.0,100000000.0,0,0,0,0,1,0,'1,222',222,'M-111','M-1',50, 20,1,1000.0,0, 'TAX-111',0,0,0,0.15,0.1
);
insert into MERCHANT(
    MERCHANT_ID,CREDIT_LIMIT_VALUE,SALE_BALANCE,SIM_CHARGE_FEE,LOYALTY_MODE_VALUE,
    LOYALTY_RATE_VALUE,LOYALTY_RATE_PERCENTAGE,IS_LEAF,STATUS,MERCHANTS,
    PARENT_ID,MERCHANT_NAME,MERCHANT_CODE,MAX_MULTIPLE , RETAILER_TARGET_BETS,LIMIT_TYPE,
    PAYOUT_BALANCE,IS_DISTRIBUTE,TAX_ID,MAX_OFFLINE_TICKETS,COMMISION_BALANCE,CASHOUT_BALANCE,TOPUP_RATE,CASHOUT_RATE
) values(
    112,210000000.0,110000000.0,0,0,0,0,1,0,'1,222',222,'M-112','M-2',0,0,1,1000.0,0, 'TAX-112',0,0,0,0,0
);
-- distributor
insert into MERCHANT(
    MERCHANT_ID,CREDIT_LIMIT_VALUE,SALE_BALANCE,SIM_CHARGE_FEE,LOYALTY_MODE_VALUE,
    LOYALTY_RATE_VALUE,LOYALTY_RATE_PERCENTAGE,IS_LEAF,STATUS,MERCHANTS,
    PARENT_ID,MERCHANT_CODE, RETAILER_TARGET_BETS,MAX_MULTIPLE,LIMIT_TYPE,RETAILER_TYPE,
    PAYOUT_BALANCE,IS_DISTRIBUTE,MAX_OFFLINE_TICKETS,COMMISION_BALANCE,CASHOUT_BALANCE,TOPUP_RATE,CASHOUT_RATE
) values(
    222,300000000.0,200000000.0,0,0,0,0,0,0,'1',1,'M-222',0,0,1,1,1000.0,1,10,0,0,0.25,0
);
insert into MERCHANT(
    MERCHANT_ID,CREDIT_LIMIT_VALUE,SALE_BALANCE,SIM_CHARGE_FEE,LOYALTY_MODE_VALUE,
    LOYALTY_RATE_VALUE,LOYALTY_RATE_PERCENTAGE,IS_LEAF,STATUS,MERCHANTS,
    PARENT_ID,MERCHANT_CODE, RETAILER_TARGET_BETS,MAX_MULTIPLE,LIMIT_TYPE,PAYOUT_BALANCE,
    IS_DISTRIBUTE,MAX_OFFLINE_TICKETS,COMMISION_BALANCE,CASHOUT_BALANCE,TOPUP_RATE,CASHOUT_RATE
) values(
    223,300000000.0,200000000.0,0,0,0,0,0,0,'1',1,'M-222',0,0,1,1000.0,1,10,0,0,0,0
);

insert into MERCHANT(
    MERCHANT_ID,CREDIT_LIMIT_VALUE,SALE_BALANCE,SIM_CHARGE_FEE,LOYALTY_MODE_VALUE,
    LOYALTY_RATE_VALUE,LOYALTY_RATE_PERCENTAGE,IS_LEAF,STATUS, RETAILER_TARGET_BETS,
    MAX_MULTIPLE,LIMIT_TYPE,PAYOUT_BALANCE,IS_DISTRIBUTE,MAX_OFFLINE_TICKETS,COMMISION_BALANCE,CASHOUT_BALANCE,TOPUP_RATE,CASHOUT_RATE
) values(
    1,2000000.0,1900.0,0,0,0,0,0,0,0,0,1,0.0,0,0,0,0,0,0
); 
update merchant set STATUS=1;
update merchant set MULTI_DRAW=3;
update merchant set CREDIT_CARD_NEED=1;

--TELCO_MERCHANT
insert into telco_merchant(ID, MERCHANT_ID, TELCO_ID) values ('1',111, 'T-1');

-- DEVICE
-- logic_status: 0 -> active, 1 -> block, 2 -> Payout Denied
insert into DEVICE_PHYSICAL_AVAILABILITY(DPY_ID) values('DPY-111');
insert into DEVICE_TYPE(DT_ID) values('DT-111');
insert into DEVICES(DEV_ID,DPY_ID, DT_ID, MERCHANT_ID,LOGIC_STATUS,SERIAL_NO,HARDWARE_ID) 
    values(111, '1', 'DT-111', 111,0, '88080111','88080222');
-- devices only need to be allocatd to distributor
insert into DEVICES(DEV_ID,DPY_ID, DT_ID, MERCHANT_ID,LOGIC_STATUS,SERIAL_NO,HARDWARE_ID) 
    values(112, '1', 'DT-111', 222,0,'88080222','88080111');        
insert into DEVICES(DEV_ID,DPY_ID, DT_ID, MERCHANT_ID,LOGIC_STATUS,SERIAL_NO,HARDWARE_ID) 
    values(113, '1', 'DT-111', 222,0,'88080666','88080999'); 

insert into DEVICE_PROPERTIES(PROPERTY_ID, DT_ID,FIELD_NAME,FIELD_VALUE) values('1', 'DT-111', 'MAX_ENTRY_ALLOWED_ON_A_TICKET','100');

--insert into HMAC_KEY(KEY_ID,DEV_ID,KEY_INDEX,HMAC_KEY,DOWNLOAD_TIME) values('K-1',111,6,'62DDB20D0FB2668D64FB6D8D20404B6B',sysdate);

-- OPERATOR
insert into DEPARTMENT(DEP_ID, DEP_NAME, DEP_STATUS) values('DEP-111', 'testDep', 1);
insert into ROLE(ROLE_ID, ROLE_NAME) values('ROLE-111', 'test');
insert into LANGUAGES(LANGUAGE_ID, LANGUAGE_CODE, LANGUAGE_NAME) 
    values('LANGUAGE-111', 'en', 'english');
insert into LANGUAGES(LANGUAGE_ID, LANGUAGE_CODE, LANGUAGE_NAME) 
    values('LANGUAGE-112', 'ch', 'chinese');    
    
-- password: OPERATOR-LOGIN
insert into OPERATOR(OPERATOR_ID, DEP_ID,ROLE_ID, LANGUAGE_ID,STATUS,LOGIN_NAME,PASSWORD, LIMIT_TYPE, SALE_BALANCE, PAYOUT_BALANCE, 
    CASH_OUT_DAY_LEVEL, IGNORE_CREDIT,IS_NEED_DO_ENCROLLMENT,COMMISION_BALANCE,CASHOUT_BALANCE,TOPUP_RATE,CASHOUT_RATE) 
    values('OPERATOR-111', 'DEP-111', 'ROLE-111', 'LANGUAGE-111',1,'OPERATOR-LOGIN', 'DF4B5E33D7B9E3CB8FD427D090880204', 1, 
        200000000.0, 1000.0, 0,0,0,0,0,0.1,0.1);
insert into OPERATOR(OPERATOR_ID, DEP_ID,ROLE_ID, LANGUAGE_ID,STATUS,LOGIN_NAME,PASSWORD, LIMIT_TYPE, SALE_BALANCE, PAYOUT_BALANCE, 
    CASH_OUT_DAY_LEVEL, IGNORE_CREDIT,IS_NEED_DO_ENCROLLMENT,COMMISION_BALANCE,CASHOUT_BALANCE,TOPUP_RATE,CASHOUT_RATE) 
    values('OPERATOR-112', 'DEP-111', 'ROLE-111', 'LANGUAGE-111',1,'OPERATOR-LOGIN-2', 'DF4B5E33D7B9E3CB8FD427D090880204', 1, 
        2000.0, 2000.0, 0,0,0,0,0,0,0);    
    
-- OPERATOR_MERCHANT
insert into OPERATOR_MERCHANT(
    OMID,OPERATOR_ID,MERCHANT_ID,BATCH_NO,STATUS,CREATE_TIME,INCENTIVE_BETS_COUNTER
) values(
    'OPM-1','OPERATOR-111',111,'200901',1,sysdate,6
);   
insert into OPERATOR_MERCHANT(
    OMID,OPERATOR_ID,MERCHANT_ID,BATCH_NO,STATUS,CREATE_TIME,INCENTIVE_BETS_COUNTER
) values(
    'OPM-2','OPERATOR-112',112,'200901',1,sysdate,6
);  

-- WINNING TAX POLICY
insert into WINNER_TAX_POLICY(WINNER_TAX_POLICY_ID,POLICY_NAME) values('TP-1','HK-TAX');
insert into TAX_DATE_RANGE(
    ID, START_DATE, END_DATE,DESCRIPTION,IS_CONTROL_CENTER
) values(
    'TDR-1', to_date('2009-03-20 21:00:00','YYYY-MM-DD HH24:MI:SS'),to_date('2099-03-20 21:00:00','YYYY-MM-DD HH24:MI:SS'),'Test tax Range',1
);
insert into WINNER_TAX_THRESHOLDS(
    THRESHOLD_ID,WINNER_TAX_POLICY_ID,DATE_RANGE_ID,AMOUNT_FROM,AMOUNT_TO,TAX_RULE,TAX_VALUE,CALCULATION_METHOD
) values(
    'WTT-1','TP-1','TDR-1',1000.0,9999999999.0,1,0.2,1
);
insert into WINNER_TAX_THRESHOLDS(
    THRESHOLD_ID,WINNER_TAX_POLICY_ID,DATE_RANGE_ID,AMOUNT_FROM,AMOUNT_TO,TAX_RULE,TAX_VALUE,CALCULATION_METHOD
) values(
    'WTT-2','TP-1','TDR-1',1.0,1000.0,0,5.0,0
);    

-- ============================================================== --
-- TE TRANSACTIONS                                                --
-- ============================================================== --
-- cashout, for manual settlement
insert into TE_TRANSACTION( 
    ID,OPERATOR_ID,GPE_ID,DEV_ID,MERCHANT_ID,CREATE_TIME,TYPE,TRANS_TIMESTAMP,RESPONSE_CODE,
    TICKET_SERIAL_NO,TRACE_MESSAGE_ID,BATCH_NO,GAME_ID,VERSION,TOTAL_AMOUNT,DESTINATION_OPEATOR,CANCEL_TE_TRANSACTION_ID,CANCEL_TRANSACTION_TYPE
) values(
    'TRANS_8110','OPERATOR-111','GPE-111',111,111,sysdate,
    445,sysdate,200,null,'TMI-G-091','20092009',null,0,1000.0,null,null,0
);

insert into TE_TRANSACTION( 
    ID,OPERATOR_ID,GPE_ID,DEV_ID,MERCHANT_ID,CREATE_TIME,TYPE,TRANS_TIMESTAMP,RESPONSE_CODE,
    TICKET_SERIAL_NO,TRACE_MESSAGE_ID,BATCH_NO,GAME_ID,VERSION,TOTAL_AMOUNT,DESTINATION_OPEATOR,CANCEL_TE_TRANSACTION_ID,CANCEL_TRANSACTION_TYPE
) values(
    'TRANS_8111','OPERATOR-111','GPE-111',111,111,sysdate,
    350,sysdate,200,null,'TMI-G-091','20092009',null,0,100.0,null,null,0
);
insert into TE_TRANSACTION( 
    ID,OPERATOR_ID,GPE_ID,DEV_ID,MERCHANT_ID,CREATE_TIME,TYPE,TRANS_TIMESTAMP,RESPONSE_CODE,
    TICKET_SERIAL_NO,TRACE_MESSAGE_ID,BATCH_NO,GAME_ID,VERSION,TOTAL_AMOUNT,DESTINATION_OPEATOR,CANCEL_TE_TRANSACTION_ID,CANCEL_TRANSACTION_TYPE
) values(
    'TRANS_8112','OPERATOR-111','GPE-111',111,111,sysdate,
    352,sysdate,200,null,'TMI-G-091','20092009',null,0,100.0,'OPERATOR-112',null,0
);
insert into TE_TRANSACTION( 
    ID,OPERATOR_ID,GPE_ID,DEV_ID,MERCHANT_ID,CREATE_TIME,TYPE,TRANS_TIMESTAMP,RESPONSE_CODE,
    TICKET_SERIAL_NO,TRACE_MESSAGE_ID,BATCH_NO,GAME_ID,VERSION,TOTAL_AMOUNT,DESTINATION_OPEATOR,CANCEL_TE_TRANSACTION_ID,CANCEL_TRANSACTION_TYPE
) values(
    'TRANS_8113','OPERATOR-111','GPE-111',111,111,sysdate,
    353,sysdate,200,null,'TMI-G-091','20092009',null,0,100.0,'OPERATOR-112',null,0
);
insert into TE_TRANSACTION( 
    ID,OPERATOR_ID,GPE_ID,DEV_ID,MERCHANT_ID,CREATE_TIME,TYPE,TRANS_TIMESTAMP,RESPONSE_CODE,
    TICKET_SERIAL_NO,TRACE_MESSAGE_ID,BATCH_NO,GAME_ID,VERSION,TOTAL_AMOUNT,DESTINATION_OPEATOR,CANCEL_TE_TRANSACTION_ID,CANCEL_TRANSACTION_TYPE
) values(
    'TRANS_8114','OPERATOR-111','GPE-111',111,111,sysdate,
    365,sysdate,200,null,'TMI-G-091','20092009',null,0,100.0,'OPERATOR-112',null,0
);
insert into TE_TRANSACTION( 
    ID,OPERATOR_ID,GPE_ID,DEV_ID,MERCHANT_ID,CREATE_TIME,TYPE,TRANS_TIMESTAMP,RESPONSE_CODE,
    TICKET_SERIAL_NO,TRACE_MESSAGE_ID,BATCH_NO,GAME_ID,VERSION,TOTAL_AMOUNT,DESTINATION_OPEATOR,CANCEL_TE_TRANSACTION_ID,CANCEL_TRANSACTION_TYPE
) values(
    'TRANS_8115','OPERATOR-111','GPE-111',111,111,sysdate,
    445,sysdate,200,null,'TMI-G-091','20092009',null,0,100.0,'OPERATOR-112',null,0
);
insert into TE_TRANSACTION( 
    ID,OPERATOR_ID,GPE_ID,DEV_ID,MERCHANT_ID,CREATE_TIME,TYPE,TRANS_TIMESTAMP,RESPONSE_CODE,
    TICKET_SERIAL_NO,TRACE_MESSAGE_ID,BATCH_NO,GAME_ID,VERSION,TOTAL_AMOUNT,DESTINATION_OPEATOR,CANCEL_TE_TRANSACTION_ID,CANCEL_TRANSACTION_TYPE
) values(
    'TRANS_8116','OPERATOR-111','GPE-111',111,111,sysdate,
    447,sysdate,200,null,'TMI-G-091','20092009',null,0,100.0,'OPERATOR-112',null,0
);

  

-- ============================================================== --
-- BD_PRIZE_GROUP                                                 --
-- ============================================================== --
insert into bd_prize_group(
    id, name, create_time,allow_payout, min_value, max_value,allow_type
) values(
    'BPG-1', 'NO-1', sysdate,1,100.0,10000000.0,5
);
insert into bd_prize_group(id, name, create_time) values('BPG-2', 'NO-1-2', sysdate);
update merchant set BD_PRIZE_GROUP_ID='BPG-1' where merchant_id=111; 
update operator set BD_PRIZE_GROUP_ID='BPG-1' where operator_id='OPERATOR-111'; 
-- cashout group
insert into bd_prize_group(
    id, name, create_time,allow_payout, min_value, max_value,is_by_tier,CASH_OUT_DAY_LIMIT
) values(
    'BPG-3', 'Cashout group', sysdate,1,100.0,10000000.0,1,500000.0
);
update merchant set BD_CASH_GROUP_ID='BPG-3' where merchant_id=111; 
update operator set BD_CASH_GROUP_ID='BPG-3' where operator_id='OPERATOR-111'; 

-- ===================================================== --
-- IGPE TESTING                                          --
-- ===================================================== --
delete from operator_session;
insert into OPERATOR_SESSION(
    ID, VERSION,CREATE_TIME,UPDATE_TIME,TERMINAL_ID,OPERATOR_ID,DATA_KEY,MAC_KEY
) values(
    'OS-1',1,sysdate,sysdate,111,'OPERATOR-111','BS1ZbvLkmOyESBpyZ0XqoiZH8WkYsL2g',
    '7yuxr9fYh/2lmtv5YnybIQTm+jdAr58V+ifRZskMfO8='
);
insert into OPERATOR_SESSION(
    ID, VERSION,CREATE_TIME,UPDATE_TIME,TERMINAL_ID,OPERATOR_ID,DATA_KEY,MAC_KEY
) values(
    'OS-2',1,sysdate,sysdate,112,'OPERATOR-111','BS1ZbvLkmOyESBpyZ0XqoiZH8WkYsL2g',
    '7yuxr9fYh/2lmtv5YnybIQTm+jdAr58V+ifRZskMfO8='
);

delete from access_right;
delete from role_access;
insert into ACCESS_RIGHT (ACCESS_ID, MODULE_ID, ACCESS_NAME, AR_TYPE, DESCRIPTION)
	values ('T005', null, 'IG Validation', 'POS-USER', 'Enable the operator to validate IG ticket');
insert into ACCESS_RIGHT (ACCESS_ID, MODULE_ID, ACCESS_NAME, AR_TYPE, DESCRIPTION)
	values ('T020', null, 'IG Prize Enquiry', 'POS-USER', 'Enable the operator to enquiry IG prize');
insert into ROLE_ACCESS(RA_ID,ROLE_ID,ACCESS_ID) values('RA-1','ROLE-111','T005');
insert into ROLE_ACCESS(RA_ID,ROLE_ID,ACCESS_ID) values('RA-2','ROLE-111','T020');

delete from bd_logo;
insert into bd_logo(
    ID,VERSION, GAME_ID,LOGO_TYPE,LOGO_SIZE,LOGO_X,LOGO_Y,LOGO_DATA,COMPANY_NAME,COMPANY_ADDRESS
) values(
    'LOGO-1',1,'GAME-111',2,1,80,60,EMPTY_CLOB(),'MPOS','HK Wancai'
);    

-- marketing message
delete from BD_MARKETING_MESSAGE;
insert into BD_MARKETING_MESSAGE(
	ID, GAME_TYPE_ID,MESSAGE,STATUS,START_TIME,END_TIME,CREATE_TIME,UPDATE_TIME,LANGUAGE_ID
) values (
	'MM-1',1,'Big sale of IPhone4s.',1,sysdate,to_date('2099-03-20 21:00:00','YYYY-MM-DD HH24:MI:SS'),
	sysdate,sysdate,1
);	
insert into BD_MARKETING_MESSAGE(
	ID, GAME_TYPE_ID,MESSAGE,STATUS,START_TIME,END_TIME,CREATE_TIME,UPDATE_TIME,LANGUAGE_ID
) values (
	'MM-2',1,'Big sale of Samsung I9200.',2,sysdate,to_date('2099-03-20 21:00:00','YYYY-MM-DD HH24:MI:SS'),
	sysdate,sysdate,1
);	
insert into BD_MARKETING_MESSAGE(
	ID, GAME_TYPE_ID,MESSAGE,STATUS,START_TIME,END_TIME,CREATE_TIME,UPDATE_TIME,LANGUAGE_ID
) values (
	'MM-3',1,'Big sale of big money job.',1,to_date('2022-03-20 21:00:00','YYYY-MM-DD HH24:MI:SS'),to_date('2099-03-20 21:00:00','YYYY-MM-DD HH24:MI:SS'),
	sysdate,sysdate,1
);
insert into BD_MARKETING_MESSAGE(
	ID, GAME_TYPE_ID,MESSAGE,STATUS,START_TIME,END_TIME,CREATE_TIME,UPDATE_TIME,LANGUAGE_ID
) values (
	'MM-4',2,'Big sale of your future.',1,sysdate,to_date('2099-03-20 21:00:00','YYYY-MM-DD HH24:MI:SS'),
	sysdate,sysdate,1
);	

-- ============================================================== --
-- BD_PRIZE_LOGIC                                                 --
-- ============================================================== --
insert into PRIZE_LOGIC(PRIZE_LOGIC_ID,BD_PRIZE_LOGIC_ID) values('OPL-1','BPL-1');
insert into BD_PRIZE_LOGIC(id, prize_logic_name) values('OPL-1','Digital Night');

-- ============================================================== --
-- BD_PRIZE_LEVEL                                                 --
-- ============================================================== --
insert into BD_PRIZE_LEVEL(
    ID,BD_PRIZE_LOGIC_ID,PRIZE_LEVEL,PRIZE_LEVEL_TYPE,CREATE_TIME,UPDATE_TIME
) values(
    'PL-0','OPL-1',0,1,sysdate,sysdate
);
insert into BD_PRIZE_LEVEL(
    ID,BD_PRIZE_LOGIC_ID,PRIZE_LEVEL,PRIZE_LEVEL_TYPE,CREATE_TIME,UPDATE_TIME
) values(
    'PL-1','OPL-1',1,1,sysdate,sysdate
);
insert into BD_PRIZE_LEVEL(
    ID,BD_PRIZE_LOGIC_ID,PRIZE_LEVEL,PRIZE_LEVEL_TYPE,CREATE_TIME,UPDATE_TIME
) values(
    'PL-2','OPL-1',2,1,sysdate,sysdate
);
insert into BD_PRIZE_LEVEL(
    ID,BD_PRIZE_LOGIC_ID,PRIZE_LEVEL,PRIZE_LEVEL_TYPE,CREATE_TIME,UPDATE_TIME
) values(
    'PL-3','OPL-1',3,1,sysdate,sysdate
);
insert into BD_PRIZE_LEVEL(
    ID,BD_PRIZE_LOGIC_ID,PRIZE_LEVEL,PRIZE_LEVEL_TYPE,CREATE_TIME,UPDATE_TIME
) values(
    'PL-4','OPL-1',4,3,sysdate,sysdate
);
insert into BD_PRIZE_LEVEL(
    ID,BD_PRIZE_LOGIC_ID,PRIZE_LEVEL,PRIZE_LEVEL_TYPE,CREATE_TIME,UPDATE_TIME
) values(
    'PL-5','OPL-1',5,1,sysdate,sysdate
);
insert into BD_PRIZE_LEVEL(
    ID,BD_PRIZE_LOGIC_ID,PRIZE_LEVEL,PRIZE_LEVEL_TYPE,CREATE_TIME,UPDATE_TIME
) values(
    'PL-6','OPL-1',6,1,sysdate,sysdate
);
insert into BD_PRIZE_LEVEL(
    ID,BD_PRIZE_LOGIC_ID,PRIZE_LEVEL,PRIZE_LEVEL_TYPE,CREATE_TIME,UPDATE_TIME
) values(
    'PL-7','OPL-1',7,1,sysdate,sysdate
);
insert into BD_PRIZE_LEVEL(
    ID,BD_PRIZE_LOGIC_ID,PRIZE_LEVEL,PRIZE_LEVEL_TYPE,CREATE_TIME,UPDATE_TIME
) values(
    'PL-8','OPL-1',8,2,sysdate,sysdate
);
insert into BD_PRIZE_LEVEL(
    ID,BD_PRIZE_LOGIC_ID,PRIZE_LEVEL,PRIZE_LEVEL_TYPE,CREATE_TIME,UPDATE_TIME
) values(
    'PL-9','OPL-1',9,2,sysdate,sysdate
);
insert into BD_PRIZE_LEVEL(
    ID,BD_PRIZE_LOGIC_ID,PRIZE_LEVEL,PRIZE_LEVEL_TYPE,CREATE_TIME,UPDATE_TIME
) values(
    'PL-10','BPL-1',4,2,sysdate,sysdate
);
update bd_prize_level set prize_count=5,prize_win_count=0;
  
-- ============================================================== --
-- BD_PRIZE_LEVEL_ITEM                                            --
-- ============================================================== --
insert into BD_PRIZE_LEVEL_ITEM(
    ID, BD_PRIZE_LEVEL_ID,ITEM_TYPE,BD_PRIZE_OBJECT_ID,PRIZE_AMOUNT,TAX_AMOUNT,
    ACTUAL_PAYOUT,PRIZE_LEVEL_NUM,CREATE_TIME,UPDATE_TIME,OBJECT_NAME
) values(
    'PLI-0','PL-0',1,null, 0.0,0.0,0.0,1,sysdate,sysdate,null
);
insert into BD_PRIZE_LEVEL_ITEM(
    ID, BD_PRIZE_LEVEL_ID,ITEM_TYPE,BD_PRIZE_OBJECT_ID,PRIZE_AMOUNT,TAX_AMOUNT,
    ACTUAL_PAYOUT,PRIZE_LEVEL_NUM,CREATE_TIME,UPDATE_TIME,OBJECT_NAME
) values(
    'PLI-1','PL-1',1,null, 400000.0,80000.0,320000.0,1,sysdate,sysdate,null
);
insert into BD_PRIZE_LEVEL_ITEM(
    ID, BD_PRIZE_LEVEL_ID,ITEM_TYPE,BD_PRIZE_OBJECT_ID,PRIZE_AMOUNT,TAX_AMOUNT,
    ACTUAL_PAYOUT,PRIZE_LEVEL_NUM,CREATE_TIME,UPDATE_TIME,OBJECT_NAME
) values(
    'PLI-2','PL-2',1,null, 300000.0,24000.0,276000.0,1,sysdate,sysdate,null
);
insert into BD_PRIZE_LEVEL_ITEM(
    ID, BD_PRIZE_LEVEL_ID,ITEM_TYPE,BD_PRIZE_OBJECT_ID,PRIZE_AMOUNT,TAX_AMOUNT,
    ACTUAL_PAYOUT,PRIZE_LEVEL_NUM,CREATE_TIME,UPDATE_TIME,OBJECT_NAME
) values(
    'PLI-3','PL-3',1,null, 200000.0,10000.0,190000.0,1,sysdate,sysdate,null
);
insert into BD_PRIZE_LEVEL_ITEM(
    ID, BD_PRIZE_LEVEL_ID,ITEM_TYPE,BD_PRIZE_OBJECT_ID,PRIZE_AMOUNT,TAX_AMOUNT,
    ACTUAL_PAYOUT,PRIZE_LEVEL_NUM,CREATE_TIME,UPDATE_TIME,OBJECT_NAME
) values(
    'PLI-41','PL-4',2,'BPO-3', 2000.0,500.0,1500.0,2,sysdate,sysdate,'Sony Camera'
);
insert into BD_PRIZE_LEVEL_ITEM(
    ID, BD_PRIZE_LEVEL_ID,ITEM_TYPE,BD_PRIZE_OBJECT_ID,PRIZE_AMOUNT,TAX_AMOUNT,
    ACTUAL_PAYOUT,PRIZE_LEVEL_NUM,CREATE_TIME,UPDATE_TIME,OBJECT_NAME
) values(
    'PLI-4','PL-4',1,null, 1000000.0,80000.0,920000.0,1,sysdate,sysdate,null
);
insert into BD_PRIZE_LEVEL_ITEM(
    ID, BD_PRIZE_LEVEL_ID,ITEM_TYPE,BD_PRIZE_OBJECT_ID,PRIZE_AMOUNT,TAX_AMOUNT,
    ACTUAL_PAYOUT,PRIZE_LEVEL_NUM,CREATE_TIME,UPDATE_TIME,OBJECT_NAME
) values(
    'PLI-5','PL-5',1,null, 100000.0,8000.0,92000.0,1,sysdate,sysdate,null
);
insert into BD_PRIZE_LEVEL_ITEM(
    ID, BD_PRIZE_LEVEL_ID,ITEM_TYPE,BD_PRIZE_OBJECT_ID,PRIZE_AMOUNT,TAX_AMOUNT,
    ACTUAL_PAYOUT,PRIZE_LEVEL_NUM,CREATE_TIME,UPDATE_TIME,OBJECT_NAME
) values(
    'PLI-6','PL-6',1,null, 50000.0,5000.0,45000.0,1,sysdate,sysdate,null
);
insert into BD_PRIZE_LEVEL_ITEM(
    ID, BD_PRIZE_LEVEL_ID,ITEM_TYPE,BD_PRIZE_OBJECT_ID,PRIZE_AMOUNT,TAX_AMOUNT,
    ACTUAL_PAYOUT,PRIZE_LEVEL_NUM,CREATE_TIME,UPDATE_TIME,OBJECT_NAME
) values(
    'PLI-7','PL-7',1,null, 40000.0,4000.0,36000.0,1,sysdate,sysdate,null
);
insert into BD_PRIZE_LEVEL_ITEM(
    ID, BD_PRIZE_LEVEL_ID,ITEM_TYPE,BD_PRIZE_OBJECT_ID,PRIZE_AMOUNT,TAX_AMOUNT,
    ACTUAL_PAYOUT,PRIZE_LEVEL_NUM,CREATE_TIME,UPDATE_TIME,OBJECT_NAME
) values(
    'PLI-8','PL-8',2,'BPO-7', 0.0,0.0,0.0,3,sysdate,sysdate,'Dog Pull'
);
insert into BD_PRIZE_LEVEL_ITEM(
    ID, BD_PRIZE_LEVEL_ID,ITEM_TYPE,BD_PRIZE_OBJECT_ID,PRIZE_AMOUNT,TAX_AMOUNT,
    ACTUAL_PAYOUT,PRIZE_LEVEL_NUM,CREATE_TIME,UPDATE_TIME,OBJECT_NAME
) values(
    'PLI-9','PL-9',2,'BPO-8', 0.0,0.0,0.0,4,sysdate,sysdate,'Book'
);
insert into BD_PRIZE_LEVEL_ITEM(
    ID, BD_PRIZE_LEVEL_ID,ITEM_TYPE,BD_PRIZE_OBJECT_ID,PRIZE_AMOUNT,TAX_AMOUNT,
    ACTUAL_PAYOUT,PRIZE_LEVEL_NUM,CREATE_TIME,UPDATE_TIME,OBJECT_NAME
) values(
    'PLI-10','PL-10',2,'BPO-18', 0.0,0.0,0.0,1,sysdate,sysdate,'LG Prize Ticket'
);


-- ============================================================== --
-- BD_PRIZE_OBJECT                                                --
-- ============================================================== --
insert into bd_prize_object(
    id, object_name, price, tax_amount,object_type
) values(
    'BPO-1', 'IPhone4', '4000.0', '800.0',1
);
insert into bd_prize_object(
    id, object_name, price, tax_amount,object_type
) values(
    'BPO-2', 'XBox360', '4500.0', '1000.0',1
);
insert into bd_prize_object(
    id, object_name, price, tax_amount,object_type
) values(
    'BPO-3', 'Sony Camera', '2000.0', '500.0',1
);
insert into bd_prize_object(
    id, object_name, price, tax_amount,object_type
) values(
    'BPO-4', 'Mozart Concert ticket', '300.0', '50.0',1
);
insert into bd_prize_object(
    id, object_name, price, tax_amount,object_type
) values(
    'BPO-5', 'TV', '200.0', '0.0',1
);
insert into bd_prize_object(
    id, object_name, price, tax_amount,object_type
) values(
    'BPO-6', 'Radio', '100.0', '0.0',1
);
insert into bd_prize_object(
    id, object_name, price, tax_amount,object_type
) values(
    'BPO-7', 'Dog Pull', '80.0', '0.0',1
);
insert into bd_prize_object(
    id, object_name, price, tax_amount,object_type
) values(
    'BPO-8', 'Book', '30.0', '0.0',1
);
insert into bd_prize_object(
    id, object_name, price, tax_amount,object_type
) values(
    'BPO-18', 'LG Prize Ticket', '200.0', '0.0',2
);
insert into bd_prize_object(
    id, object_name, price, tax_amount,object_type
) values(
    'BPO-19', 'LG Prize free entry', '100.0', '0.0',2
);
insert into bd_prize_object(
    id, object_name, price, tax_amount,object_type
) values(
    'BPO-20', 'Bingo Prize Ticket', '10.0', '5.0',2
);
insert into bd_prize_object(
    id, object_name, price, tax_amount,object_type
) values(
    'BPO-21', 'Bingo Prize free entry', '10.0', '5.0',2
);
insert into bd_prize_object_item(
    id,  bd_prize_object_id,  bd_prize_object_item_id,  object_num  
) values(
    'BPOI-1','BPO-18','BPO-19',2
);

-- ============================================================== --
-- BD_CHANNEL_SETTING_ITEM                                        --
-- ============================================================== --
insert into BD_CHANNEL_SETTING_ITEM(
    ID, BD_CHANNEL_SETTING_ID,SELLING_CHANNEL_TYPE,STOP_SELLING_TIME,GAME_FREEZING_TIME
) values(
    'IGPE-1', 'Channel-1', 1, 1,1
);
insert into BD_CHANNEL_SETTING_ITEM(
    ID, BD_CHANNEL_SETTING_ID,SELLING_CHANNEL_TYPE,STOP_SELLING_TIME,GAME_FREEZING_TIME
) values(
    'WGPESMS-1', 'Channel-1', 3, 1,1
);
insert into BD_CHANNEL_SETTING_ITEM(
    ID, BD_CHANNEL_SETTING_ID,SELLING_CHANNEL_TYPE,STOP_SELLING_TIME,GAME_FREEZING_TIME
) values(
    'SGPE-1', 'Channel-1', 4, 4,1
);
insert into BD_CHANNEL_SETTING_ITEM(
    ID, BD_CHANNEL_SETTING_ID,SELLING_CHANNEL_TYPE,STOP_SELLING_TIME,GAME_FREEZING_TIME
) values(
    'MGPE-1', 'Channel-1', 5, 5,1
);
insert into BD_CHANNEL_SETTING_ITEM(
    ID, BD_CHANNEL_SETTING_ID,SELLING_CHANNEL_TYPE,STOP_SELLING_TIME,GAME_FREEZING_TIME
) values(
    'WGPEPOS-1', 'Channel-1', 6, 6,1
);


-- ============================================================== --
-- INSTANTANEOUS_SALES                                            --
-- ============================================================== --
insert into INSTANTANEOUS_SALES(
    ID,GAME_INSTANCE_ID,TUNOVER_TOTAL,TICKET_TOTAL,CANCEL_TICKET_COUNT,BETS_COUNT,SALE_TOTAL
) values(
    'GII-112','GII-112', 40000,120,11,358,45000
);    

insert into INSTANTANEOUS_SALES(
    ID, GAME_INSTANCE_ID, TICKET_TOTAL, TUNOVER_TOTAL, CANCEL_TICKET_COUNT, BETS_COUNT, SALE_TOTAL, VAT_TOTAL, LEVY_TOTAL
) values (
    'GII-113', 'GII-113', 0,0,0,0,0,0,0
);
insert into INSTANTANEOUS_SALES(
    ID, GAME_INSTANCE_ID, TICKET_TOTAL, TUNOVER_TOTAL, CANCEL_TICKET_COUNT, BETS_COUNT, SALE_TOTAL, VAT_TOTAL, LEVY_TOTAL
) values (
    'GII-114', 'GII-114', 0,0,0,0,0,0,0
);

-- ============================================================== --
-- SELECTED_NUMBER_STAT                                           --
-- ============================================================== --
insert into SELECTED_NUMBER_STAT(ID, GAME_INSTANCE_ID, SELECTED_NUMBER, SELECTED_NUMBER_COUNT) values('LFND-1', 'GII-112', '1', 1);
insert into SELECTED_NUMBER_STAT(ID, GAME_INSTANCE_ID, SELECTED_NUMBER, SELECTED_NUMBER_COUNT) values('LFND-2', 'GII-112', '2', 2);
insert into SELECTED_NUMBER_STAT(ID, GAME_INSTANCE_ID, SELECTED_NUMBER, SELECTED_NUMBER_COUNT) values('LFND-3', 'GII-112', '3', 3);
insert into SELECTED_NUMBER_STAT(ID, GAME_INSTANCE_ID, SELECTED_NUMBER, SELECTED_NUMBER_COUNT) values('LFND-4', 'GII-112', '4', 4);
insert into SELECTED_NUMBER_STAT(ID, GAME_INSTANCE_ID, SELECTED_NUMBER, SELECTED_NUMBER_COUNT) values('LFND-5', 'GII-112', '5', 5);
insert into SELECTED_NUMBER_STAT(ID, GAME_INSTANCE_ID, SELECTED_NUMBER, SELECTED_NUMBER_COUNT) values('LFND-6', 'GII-112', '6', 6);
insert into SELECTED_NUMBER_STAT(ID, GAME_INSTANCE_ID, SELECTED_NUMBER, SELECTED_NUMBER_COUNT) values('LFND-7', 'GII-112', '7', 7);
insert into SELECTED_NUMBER_STAT(ID, GAME_INSTANCE_ID, SELECTED_NUMBER, SELECTED_NUMBER_COUNT) values('LFND-8', 'GII-112', '8', 8);
insert into SELECTED_NUMBER_STAT(ID, GAME_INSTANCE_ID, SELECTED_NUMBER, SELECTED_NUMBER_COUNT) values('LFND-9', 'GII-112', '9', 9);
insert into SELECTED_NUMBER_STAT(ID, GAME_INSTANCE_ID, SELECTED_NUMBER, SELECTED_NUMBER_COUNT) values('LFND-10', 'GII-112', '10', 10);
insert into SELECTED_NUMBER_STAT(ID, GAME_INSTANCE_ID, SELECTED_NUMBER, SELECTED_NUMBER_COUNT) values('LFN-11', 'GII-112', '11', 11);
insert into SELECTED_NUMBER_STAT(ID, GAME_INSTANCE_ID, SELECTED_NUMBER, SELECTED_NUMBER_COUNT) values('LFN-12', 'GII-112', '12', 12);
insert into SELECTED_NUMBER_STAT(ID, GAME_INSTANCE_ID, SELECTED_NUMBER, SELECTED_NUMBER_COUNT) values('LFN-13', 'GII-112', '13', 13);
insert into SELECTED_NUMBER_STAT(ID, GAME_INSTANCE_ID, SELECTED_NUMBER, SELECTED_NUMBER_COUNT) values('LFN-14', 'GII-112', '14', 14);
insert into SELECTED_NUMBER_STAT(ID, GAME_INSTANCE_ID, SELECTED_NUMBER, SELECTED_NUMBER_COUNT) values('LFN-15', 'GII-112', '15', 15);
insert into SELECTED_NUMBER_STAT(ID, GAME_INSTANCE_ID, SELECTED_NUMBER, SELECTED_NUMBER_COUNT) values('LFN-16', 'GII-112', '16', 16);
insert into SELECTED_NUMBER_STAT(ID, GAME_INSTANCE_ID, SELECTED_NUMBER, SELECTED_NUMBER_COUNT) values('LFN-17', 'GII-112', '17', 17);
insert into SELECTED_NUMBER_STAT(ID, GAME_INSTANCE_ID, SELECTED_NUMBER, SELECTED_NUMBER_COUNT) values('LFN-18', 'GII-112', '18', 18);
insert into SELECTED_NUMBER_STAT(ID, GAME_INSTANCE_ID, SELECTED_NUMBER, SELECTED_NUMBER_COUNT) values('LFN-19', 'GII-112', '19', 19);
insert into SELECTED_NUMBER_STAT(ID, GAME_INSTANCE_ID, SELECTED_NUMBER, SELECTED_NUMBER_COUNT) values('LFND-20', 'GII-112', '20', 20);
insert into SELECTED_NUMBER_STAT(ID, GAME_INSTANCE_ID, SELECTED_NUMBER, SELECTED_NUMBER_COUNT) values('LFN-21', 'GII-112', '21', 21);
insert into SELECTED_NUMBER_STAT(ID, GAME_INSTANCE_ID, SELECTED_NUMBER, SELECTED_NUMBER_COUNT) values('LFN-22', 'GII-112', '22', 22);
insert into SELECTED_NUMBER_STAT(ID, GAME_INSTANCE_ID, SELECTED_NUMBER, SELECTED_NUMBER_COUNT) values('LFN-23', 'GII-112', '23', 23);
insert into SELECTED_NUMBER_STAT(ID, GAME_INSTANCE_ID, SELECTED_NUMBER, SELECTED_NUMBER_COUNT) values('LFN-24', 'GII-112', '24', 24);
insert into SELECTED_NUMBER_STAT(ID, GAME_INSTANCE_ID, SELECTED_NUMBER, SELECTED_NUMBER_COUNT) values('LFN-25', 'GII-112', '25', 25);
insert into SELECTED_NUMBER_STAT(ID, GAME_INSTANCE_ID, SELECTED_NUMBER, SELECTED_NUMBER_COUNT) values('LFN-26', 'GII-112', '26', 26);
insert into SELECTED_NUMBER_STAT(ID, GAME_INSTANCE_ID, SELECTED_NUMBER, SELECTED_NUMBER_COUNT) values('LFN-27', 'GII-112', '27', 27);
insert into SELECTED_NUMBER_STAT(ID, GAME_INSTANCE_ID, SELECTED_NUMBER, SELECTED_NUMBER_COUNT) values('LFN-28', 'GII-112', '28', 28);
insert into SELECTED_NUMBER_STAT(ID, GAME_INSTANCE_ID, SELECTED_NUMBER, SELECTED_NUMBER_COUNT) values('LFN-29', 'GII-112', '29', 29);
insert into SELECTED_NUMBER_STAT(ID, GAME_INSTANCE_ID, SELECTED_NUMBER, SELECTED_NUMBER_COUNT) values('LFND-30', 'GII-112', '30', 30);
insert into SELECTED_NUMBER_STAT(ID, GAME_INSTANCE_ID, SELECTED_NUMBER, SELECTED_NUMBER_COUNT) values('LFN-31', 'GII-112', '31', 31);
insert into SELECTED_NUMBER_STAT(ID, GAME_INSTANCE_ID, SELECTED_NUMBER, SELECTED_NUMBER_COUNT) values('LFN-32', 'GII-112', '32', 32);
insert into SELECTED_NUMBER_STAT(ID, GAME_INSTANCE_ID, SELECTED_NUMBER, SELECTED_NUMBER_COUNT) values('LFN-33', 'GII-112', '33', 33);
insert into SELECTED_NUMBER_STAT(ID, GAME_INSTANCE_ID, SELECTED_NUMBER, SELECTED_NUMBER_COUNT) values('LFN-34', 'GII-112', '34', 34);
insert into SELECTED_NUMBER_STAT(ID, GAME_INSTANCE_ID, SELECTED_NUMBER, SELECTED_NUMBER_COUNT) values('LFN-35', 'GII-112', '35', 35);
insert into SELECTED_NUMBER_STAT(ID, GAME_INSTANCE_ID, SELECTED_NUMBER, SELECTED_NUMBER_COUNT) values('LFN-36', 'GII-112', '36', 36);
insert into SELECTED_NUMBER_STAT(ID, GAME_INSTANCE_ID, SELECTED_NUMBER, SELECTED_NUMBER_COUNT) values('LFN-37', 'GII-112', '37', 37);
insert into SELECTED_NUMBER_STAT(ID, GAME_INSTANCE_ID, SELECTED_NUMBER, SELECTED_NUMBER_COUNT) values('LFN-38', 'GII-112', '38', 38);
insert into SELECTED_NUMBER_STAT(ID, GAME_INSTANCE_ID, SELECTED_NUMBER, SELECTED_NUMBER_COUNT) values('LFN-39', 'GII-112', '39', 39);
insert into SELECTED_NUMBER_STAT(ID, GAME_INSTANCE_ID, SELECTED_NUMBER, SELECTED_NUMBER_COUNT) values('LFND-40', 'GII-112', '40', 40);
insert into SELECTED_NUMBER_STAT(ID, GAME_INSTANCE_ID, SELECTED_NUMBER, SELECTED_NUMBER_COUNT) values('LFN-41', 'GII-112', '41', 41);
insert into SELECTED_NUMBER_STAT(ID, GAME_INSTANCE_ID, SELECTED_NUMBER, SELECTED_NUMBER_COUNT) values('LFN-42', 'GII-112', '42', 42);
insert into SELECTED_NUMBER_STAT(ID, GAME_INSTANCE_ID, SELECTED_NUMBER, SELECTED_NUMBER_COUNT) values('LFN-43', 'GII-112', '43', 43);
insert into SELECTED_NUMBER_STAT(ID, GAME_INSTANCE_ID, SELECTED_NUMBER, SELECTED_NUMBER_COUNT) values('LFN-44', 'GII-112', '44', 44);
insert into SELECTED_NUMBER_STAT(ID, GAME_INSTANCE_ID, SELECTED_NUMBER, SELECTED_NUMBER_COUNT) values('LFN-45', 'GII-112', '45', 45);
insert into SELECTED_NUMBER_STAT(ID, GAME_INSTANCE_ID, SELECTED_NUMBER, SELECTED_NUMBER_COUNT) values('LFN-46', 'GII-112', '46', 46);
insert into SELECTED_NUMBER_STAT(ID, GAME_INSTANCE_ID, SELECTED_NUMBER, SELECTED_NUMBER_COUNT) values('LFN-47', 'GII-112', '47', 47);
insert into SELECTED_NUMBER_STAT(ID, GAME_INSTANCE_ID, SELECTED_NUMBER, SELECTED_NUMBER_COUNT) values('LFN-48', 'GII-112', '48', 48);
insert into SELECTED_NUMBER_STAT(ID, GAME_INSTANCE_ID, SELECTED_NUMBER, SELECTED_NUMBER_COUNT) values('LFN-49', 'GII-112', '49', 49);
insert into SELECTED_NUMBER_STAT(ID, GAME_INSTANCE_ID, SELECTED_NUMBER, SELECTED_NUMBER_COUNT) values('LFND-50', 'GII-112', '50', 50);
insert into SELECTED_NUMBER_STAT(ID, GAME_INSTANCE_ID, SELECTED_NUMBER, SELECTED_NUMBER_COUNT) values('LFN-51', 'GII-112', '51', 51);
insert into SELECTED_NUMBER_STAT(ID, GAME_INSTANCE_ID, SELECTED_NUMBER, SELECTED_NUMBER_COUNT) values('LFN-52', 'GII-112', '52', 52);
insert into SELECTED_NUMBER_STAT(ID, GAME_INSTANCE_ID, SELECTED_NUMBER, SELECTED_NUMBER_COUNT) values('LFN-53', 'GII-112', '53', 53);
insert into SELECTED_NUMBER_STAT(ID, GAME_INSTANCE_ID, SELECTED_NUMBER, SELECTED_NUMBER_COUNT) values('LFN-54', 'GII-112', '54', 54);
insert into SELECTED_NUMBER_STAT(ID, GAME_INSTANCE_ID, SELECTED_NUMBER, SELECTED_NUMBER_COUNT) values('LFN-55', 'GII-112', '55', 55);
insert into SELECTED_NUMBER_STAT(ID, GAME_INSTANCE_ID, SELECTED_NUMBER, SELECTED_NUMBER_COUNT) values('LFN-56', 'GII-112', '56', 56);
insert into SELECTED_NUMBER_STAT(ID, GAME_INSTANCE_ID, SELECTED_NUMBER, SELECTED_NUMBER_COUNT) values('LFN-57', 'GII-112', '57', 57);
insert into SELECTED_NUMBER_STAT(ID, GAME_INSTANCE_ID, SELECTED_NUMBER, SELECTED_NUMBER_COUNT) values('LFN-58', 'GII-112', '58', 58);
insert into SELECTED_NUMBER_STAT(ID, GAME_INSTANCE_ID, SELECTED_NUMBER, SELECTED_NUMBER_COUNT) values('LFN-59', 'GII-112', '59', 59);
insert into SELECTED_NUMBER_STAT(ID, GAME_INSTANCE_ID, SELECTED_NUMBER, SELECTED_NUMBER_COUNT) values('LFND-60', 'GII-112', '60', 60);
insert into SELECTED_NUMBER_STAT(ID, GAME_INSTANCE_ID, SELECTED_NUMBER, SELECTED_NUMBER_COUNT) values('LFN-61', 'GII-112', '61', 61);
insert into SELECTED_NUMBER_STAT(ID, GAME_INSTANCE_ID, SELECTED_NUMBER, SELECTED_NUMBER_COUNT) values('LFN-62', 'GII-112', '62', 62);
insert into SELECTED_NUMBER_STAT(ID, GAME_INSTANCE_ID, SELECTED_NUMBER, SELECTED_NUMBER_COUNT) values('LFN-63', 'GII-112', '63', 63);
insert into SELECTED_NUMBER_STAT(ID, GAME_INSTANCE_ID, SELECTED_NUMBER, SELECTED_NUMBER_COUNT) values('LFN-64', 'GII-112', '64', 64);
insert into SELECTED_NUMBER_STAT(ID, GAME_INSTANCE_ID, SELECTED_NUMBER, SELECTED_NUMBER_COUNT) values('LFN-65', 'GII-112', '65', 65);
insert into SELECTED_NUMBER_STAT(ID, GAME_INSTANCE_ID, SELECTED_NUMBER, SELECTED_NUMBER_COUNT) values('LFN-66', 'GII-112', '66', 66);
insert into SELECTED_NUMBER_STAT(ID, GAME_INSTANCE_ID, SELECTED_NUMBER, SELECTED_NUMBER_COUNT) values('LFN-67', 'GII-112', '67', 67);
insert into SELECTED_NUMBER_STAT(ID, GAME_INSTANCE_ID, SELECTED_NUMBER, SELECTED_NUMBER_COUNT) values('LFN-68', 'GII-112', '68', 68);
insert into SELECTED_NUMBER_STAT(ID, GAME_INSTANCE_ID, SELECTED_NUMBER, SELECTED_NUMBER_COUNT) values('LFN-69', 'GII-112', '69', 69);
insert into SELECTED_NUMBER_STAT(ID, GAME_INSTANCE_ID, SELECTED_NUMBER, SELECTED_NUMBER_COUNT) values('LFND-70', 'GII-112', '70', 70);
insert into SELECTED_NUMBER_STAT(ID, GAME_INSTANCE_ID, SELECTED_NUMBER, SELECTED_NUMBER_COUNT) values('LFN-71', 'GII-112', '71', 71);
insert into SELECTED_NUMBER_STAT(ID, GAME_INSTANCE_ID, SELECTED_NUMBER, SELECTED_NUMBER_COUNT) values('LFN-72', 'GII-112', '72', 72);
insert into SELECTED_NUMBER_STAT(ID, GAME_INSTANCE_ID, SELECTED_NUMBER, SELECTED_NUMBER_COUNT) values('LFN-73', 'GII-112', '73', 73);
insert into SELECTED_NUMBER_STAT(ID, GAME_INSTANCE_ID, SELECTED_NUMBER, SELECTED_NUMBER_COUNT) values('LFN-74', 'GII-112', '74', 74);
insert into SELECTED_NUMBER_STAT(ID, GAME_INSTANCE_ID, SELECTED_NUMBER, SELECTED_NUMBER_COUNT) values('LFN-75', 'GII-112', '75', 75);
insert into SELECTED_NUMBER_STAT(ID, GAME_INSTANCE_ID, SELECTED_NUMBER, SELECTED_NUMBER_COUNT) values('LFN-76', 'GII-112', '76', 76);
insert into SELECTED_NUMBER_STAT(ID, GAME_INSTANCE_ID, SELECTED_NUMBER, SELECTED_NUMBER_COUNT) values('LFN-77', 'GII-112', '77', 77);
insert into SELECTED_NUMBER_STAT(ID, GAME_INSTANCE_ID, SELECTED_NUMBER, SELECTED_NUMBER_COUNT) values('LFN-78', 'GII-112', '78', 78);
insert into SELECTED_NUMBER_STAT(ID, GAME_INSTANCE_ID, SELECTED_NUMBER, SELECTED_NUMBER_COUNT) values('LFN-79', 'GII-112', '79', 79);
insert into SELECTED_NUMBER_STAT(ID, GAME_INSTANCE_ID, SELECTED_NUMBER, SELECTED_NUMBER_COUNT) values('LFND-80', 'GII-112', '80', 80);
insert into SELECTED_NUMBER_STAT(ID, GAME_INSTANCE_ID, SELECTED_NUMBER, SELECTED_NUMBER_COUNT) values('LFN-81', 'GII-112', '81', 81);
insert into SELECTED_NUMBER_STAT(ID, GAME_INSTANCE_ID, SELECTED_NUMBER, SELECTED_NUMBER_COUNT) values('LFN-82', 'GII-112', '82', 82);
insert into SELECTED_NUMBER_STAT(ID, GAME_INSTANCE_ID, SELECTED_NUMBER, SELECTED_NUMBER_COUNT) values('LFN-83', 'GII-112', '83', 83);
insert into SELECTED_NUMBER_STAT(ID, GAME_INSTANCE_ID, SELECTED_NUMBER, SELECTED_NUMBER_COUNT) values('LFN-84', 'GII-112', '84', 84);
insert into SELECTED_NUMBER_STAT(ID, GAME_INSTANCE_ID, SELECTED_NUMBER, SELECTED_NUMBER_COUNT) values('LFN-85', 'GII-112', '85', 85);
insert into SELECTED_NUMBER_STAT(ID, GAME_INSTANCE_ID, SELECTED_NUMBER, SELECTED_NUMBER_COUNT) values('LFN-86', 'GII-112', '86', 86);
insert into SELECTED_NUMBER_STAT(ID, GAME_INSTANCE_ID, SELECTED_NUMBER, SELECTED_NUMBER_COUNT) values('LFN-87', 'GII-112', '87', 87);
insert into SELECTED_NUMBER_STAT(ID, GAME_INSTANCE_ID, SELECTED_NUMBER, SELECTED_NUMBER_COUNT) values('LFN-88', 'GII-112', '88', 88);
insert into SELECTED_NUMBER_STAT(ID, GAME_INSTANCE_ID, SELECTED_NUMBER, SELECTED_NUMBER_COUNT) values('LFN-89', 'GII-112', '89', 89);
insert into SELECTED_NUMBER_STAT(ID, GAME_INSTANCE_ID, SELECTED_NUMBER, SELECTED_NUMBER_COUNT) values('LFND-90', 'GII-112', '90', 90);  
-- digital game
insert into SELECTED_NUMBER_STAT(ID, GAME_INSTANCE_ID, SELECTED_NUMBER, SELECTED_NUMBER_COUNT) values('DIG-0', 'GII-112', '0', 0);    
insert into SELECTED_NUMBER_STAT(ID, GAME_INSTANCE_ID, SELECTED_NUMBER, SELECTED_NUMBER_COUNT) values('DIG-01', 'GII-112', '00', 0);     
insert into SELECTED_NUMBER_STAT(ID, GAME_INSTANCE_ID, SELECTED_NUMBER, SELECTED_NUMBER_COUNT) values('DIG-02', 'GII-112', '000', 0); 
insert into SELECTED_NUMBER_STAT(ID, GAME_INSTANCE_ID, SELECTED_NUMBER, SELECTED_NUMBER_COUNT) values('DIG-03', 'GII-112', '0000', 0);     
insert into SELECTED_NUMBER_STAT(ID, GAME_INSTANCE_ID, SELECTED_NUMBER, SELECTED_NUMBER_COUNT) values('DIG-100', 'GII-112', '100', 100);
insert into SELECTED_NUMBER_STAT(ID, GAME_INSTANCE_ID, SELECTED_NUMBER, SELECTED_NUMBER_COUNT) values('DIG-200', 'GII-112', '200', 200);
insert into SELECTED_NUMBER_STAT(ID, GAME_INSTANCE_ID, SELECTED_NUMBER, SELECTED_NUMBER_COUNT) values('DIG-300', 'GII-112', '300', 300);
insert into SELECTED_NUMBER_STAT(ID, GAME_INSTANCE_ID, SELECTED_NUMBER, SELECTED_NUMBER_COUNT) values('DIG-400', 'GII-112', '400', 400);
insert into SELECTED_NUMBER_STAT(ID, GAME_INSTANCE_ID, SELECTED_NUMBER, SELECTED_NUMBER_COUNT) values('DIG-500', 'GII-112', '500', 500);
insert into SELECTED_NUMBER_STAT(ID, GAME_INSTANCE_ID, SELECTED_NUMBER, SELECTED_NUMBER_COUNT) values('DIG-600', 'GII-112', '600', 600);
insert into SELECTED_NUMBER_STAT(ID, GAME_INSTANCE_ID, SELECTED_NUMBER, SELECTED_NUMBER_COUNT) values('DIG-700', 'GII-112', '700', 700);
insert into SELECTED_NUMBER_STAT(ID, GAME_INSTANCE_ID, SELECTED_NUMBER, SELECTED_NUMBER_COUNT) values('DIG-800', 'GII-112', '800', 800);
insert into SELECTED_NUMBER_STAT(ID, GAME_INSTANCE_ID, SELECTED_NUMBER, SELECTED_NUMBER_COUNT) values('DIG-900', 'GII-112', '900', 900);
insert into SELECTED_NUMBER_STAT(ID, GAME_INSTANCE_ID, SELECTED_NUMBER, SELECTED_NUMBER_COUNT) values('DIG-1000', 'GII-112', '1000', 1000);
insert into SELECTED_NUMBER_STAT(ID, GAME_INSTANCE_ID, SELECTED_NUMBER, SELECTED_NUMBER_COUNT) values('DIG-2000', 'GII-112', '2000', 2000);
insert into SELECTED_NUMBER_STAT(ID, GAME_INSTANCE_ID, SELECTED_NUMBER, SELECTED_NUMBER_COUNT) values('DIG-3000', 'GII-112', '3000', 3000);
insert into SELECTED_NUMBER_STAT(ID, GAME_INSTANCE_ID, SELECTED_NUMBER, SELECTED_NUMBER_COUNT) values('DIG-4000', 'GII-112', '4000', 4000);
insert into SELECTED_NUMBER_STAT(ID, GAME_INSTANCE_ID, SELECTED_NUMBER, SELECTED_NUMBER_COUNT) values('DIG-5000', 'GII-112', '5000', 5000);
insert into SELECTED_NUMBER_STAT(ID, GAME_INSTANCE_ID, SELECTED_NUMBER, SELECTED_NUMBER_COUNT) values('DIG-6000', 'GII-112', '6000', 6000);
insert into SELECTED_NUMBER_STAT(ID, GAME_INSTANCE_ID, SELECTED_NUMBER, SELECTED_NUMBER_COUNT) values('DIG-7000', 'GII-112', '7000', 7000);
insert into SELECTED_NUMBER_STAT(ID, GAME_INSTANCE_ID, SELECTED_NUMBER, SELECTED_NUMBER_COUNT) values('DIG-8000', 'GII-112', '8000', 8000);
insert into SELECTED_NUMBER_STAT(ID, GAME_INSTANCE_ID, SELECTED_NUMBER, SELECTED_NUMBER_COUNT) values('DIG-9000', 'GII-112', '9000', 9000);

-- balance_transactions
insert into BALANCE_TRANSACTIONS (ID, TE_TRANSACTION_ID, MERCHANT_ID, DEVICE_ID, OPERATOR_ID, OWNER_ID, OWNER_TYPE, PAYMENT_TYPE, TRANSACTION_TYPE, BALANCE_AMOUNT, COMMISION_AMOUNT, UPDATE_TIME, COMMISION_RATE, CREATE_TIME, STATUS)
    values (100000, '1', 111, 111, 'OPERATOR-111', 'OPERATOR-111', 1, 1, 447, 100, 5, sysdate, .05, sysdate, '1');
insert into BALANCE_TRANSACTIONS (ID, TE_TRANSACTION_ID, MERCHANT_ID, DEVICE_ID, OPERATOR_ID, OWNER_ID, OWNER_TYPE, PAYMENT_TYPE, TRANSACTION_TYPE, BALANCE_AMOUNT, COMMISION_AMOUNT, UPDATE_TIME, COMMISION_RATE, CREATE_TIME, STATUS)
    values (100001, '2', 111, 111, 'OPERATOR-111', 'OPERATOR-111', 1, 1, 353, 100, 5, sysdate, .05, sysdate, '1');
insert into BALANCE_TRANSACTIONS (ID, TE_TRANSACTION_ID, MERCHANT_ID, DEVICE_ID, OPERATOR_ID, OWNER_ID, OWNER_TYPE, PAYMENT_TYPE, TRANSACTION_TYPE, BALANCE_AMOUNT, COMMISION_AMOUNT, UPDATE_TIME, COMMISION_RATE, CREATE_TIME, STATUS)
    values (1000002, '3', 111, 111, 'OPERATOR-111', 'OPERATOR-111', 1, 1, 206, 100, 5, sysdate, .05, sysdate, '1');
insert into BALANCE_TRANSACTIONS (ID, TE_TRANSACTION_ID, MERCHANT_ID, DEVICE_ID, OPERATOR_ID, OWNER_ID, OWNER_TYPE, PAYMENT_TYPE, TRANSACTION_TYPE, BALANCE_AMOUNT, COMMISION_AMOUNT, UPDATE_TIME, COMMISION_RATE, CREATE_TIME, STATUS)
    values (1000003, '4', 111, 111, 'OPERATOR-111', 'OPERATOR-111', 1, 1, 302, 100, 2, sysdate, .02, sysdate, '1');
insert into BALANCE_TRANSACTIONS (ID, TE_TRANSACTION_ID, MERCHANT_ID, DEVICE_ID, OPERATOR_ID, OWNER_ID, OWNER_TYPE, PAYMENT_TYPE, TRANSACTION_TYPE, BALANCE_AMOUNT, COMMISION_AMOUNT, UPDATE_TIME, COMMISION_RATE, CREATE_TIME, STATUS)
    values (1000004, 'TRANS_8110', 111, 111, 'OPERATOR-111', 'OPERATOR-111', 1, 1, 200, 100, 1, sysdate, .01, sysdate, '1');

-- ============================================================== --
-- CASH_PASS                                                      --
-- ============================================================== --
insert into cashout_pass (
    ID, OPERATOR_ID, CASHOUT_AMOUNT, CASHOUT_PASSWORD, EXPIRE_TIME, TRIED_TIMES, TE_TRANSACTION_ID, CASHOUT_BARCODE, CREATE_TIME, 
    UPDATE_TIME, CREATE_BY, UPDATE_BY
) values (
    '1141145483867192126809', 'OPERATOR-112', 100, '1234', sysdate+6, 0, '0114092300000000013721', 
    '00cK/u9hwZY2Rogq4k24Oeg4G3HSlAl9EbjLdf+UJJlt+Zh8NCsYChdtc1Tr86hJ9URtgXeRMhtcc=', sysdate, sysdate, 'OPERATOR-111', 'OPERATOR-111'
);

-- ============================================================== --
-- SETTLEMENT LOG                                                 --
-- ============================================================== --
insert into CARD_PAYOUT_HISTORY (
    ID, OPERATOR_ID, CREATE_TIME, STATUS    
) values (
    '1','OPERATOR-111', sysdate, 1
);
insert into CARD_PAYOUT_HISTORY_ITEM (
    ID, CARD_PAYOUT_HISTORY_ID, OPERATOR_ID, PAYOUT_TIME, CREATE_TIME    
) values (
    '1','1','OPERATOR-111', to_date('2015-01-21 16:41:23','YYYY-MM-DD HH24:MI:SS'), sysdate
);

commit;    
  
